"MartenID","pop","MC2","MC3","MC4","MC5","MC6","MC7","MC8","MC9","MC10","MC11","MC12","MC13","MC14","MC16","MC18","MC19","MC21","MC22","MC24-B","MC25","MC26","MC29","MC29.1","MC30","MC31","MC32","MC33","MC34","MC35","MC37","MC38","MC39","MC40","MC41","MC42","MC42.1","MC43","MC44","MC46","MC56","MC57","MC58","MC58.1","MC62","MC63","MC64","MC65","MC66","MC68","MC69","MC70","MC70.1","MC71","MC73","MC74","MC76","MC77","MC78","MC83","MC83.1","MC84","MC85","MC86","MC87","MC87.1","MC90","MC92","MC94","MC97","MC98","MC99","MC102","MC104","MC105","MC106","MC108","MC109","MC111","MC113","MC116","MC118","MC119","MC120","MC121","MC122","MC124","MC125","MC127","MC128","MC132","MC134","MC135","MC138","MC140","MC146","MC148","MC149","MC151"
"NCoast_F01.sc","North Coast","AA","AC","TT","CC","TT","GG","GA","AT","GG","CC","CC","TT","AA","CC","CT","CC","CC","CC","AA","GA","CT","AA","AA","AA","GG","GG","TC","TT",NA,"TT","AT","AA","GA",NA,"CC","CC",NA,NA,"CC","CC","AA","GG","GG","CC","AA","AA","AA",NA,"CC","TT","AA","AA","CC","GG","CC","TT","CT","GG","TT","TT","CC","CC","CT","GG","GG",NA,"AA","TT","GG","TT","AA","CG","AA","CC","CC","GG","TT","GT","AT","GA","GG","CC","AA",NA,NA,"TT","GA","CC","CC","GG","GC","GG","AA","AA","TT","CC","AA","CT"
"NDunes_F08.sc","N Dunes","AG","AA","CC","CC","TC","GA","GA","AA","GG","CC","CT","CC","AA","CT","CC","CC","CC","CC","AG","GG","TT","AA","AA","AA","AA","GG","TT","TT","AA","TT","AA","AA","AA","AA","CC","CC","AG","GG","TT","TT","AG","AA","AA","CT","GG","AA","GG","GT","TT","TT","AA","AA","CC","GG","CG","TT","CT","AA","CC","CC","CC","CT","CT","GG","GG","AA","AA","TT","GC","TT","AG","CC","AA","TT","TT","GT","TT","TT","AT","GG","GG","CC","AA","GT","AA","TT","GG","CC","CC","GA","GG","GG","AA","CC","TT","CC","AA","CC"
"SDunes_F03.tr","S Dunes","AA","AA","CC","CC","TT","GG","GA","AT","GG","CT","CC","TT",NA,"CC","CC","TT","CC","CC","AA","AA","CT","AC","AC","AA","AA","GG","TT","TT","AG","CC","TT","AA","GA","GG","TT","TT","GG","GA","CT","CT","GG","GG","GG","CC","AG","AA","AA","GG","CC","TC","AA","AA","CC","GG","CG","TT","CT","GG","CC","CC","CT","CT","CC","CC","CC","AG","AC","TT","GC","TT","AA","CC","AG","TT","TT","TT","TT","GG","AA","GA","GA","CT","AA","GG","AA","TT","GA","CG","CT","GG","GC","TT","GG","AA","CC","CC","AA","CT"
"SDunes_F08.sc","S Dunes","AA",NA,"TT","CG","TT",NA,"GG","AA","GA",NA,"CC","TT","GG","CC","CC","TT","CC","CC","AA","AA",NA,"CC","CC","AC","AA","GG","TT","TC","GG","CC","TT","AA",NA,"GG","CC","CC","AG","GA",NA,NA,"AG","GG","GG","CT","AG","AA","AA","GG","CC","TC","AA","AA","CC","GT","GG","TT","TT","GG","CC","CC","CC","CC","CC","CC","CC",NA,"CC","TC","GC","TT","AA","CC","AG","CC",NA,"TT","TA","GT","AA","GG","GG","CC","AA",NA,"AA",NA,"GG","CC","CC","GG","CC","GG",NA,"AA","CC","CC",NA,"CT"
"SDunes_F09.sc","S Dunes","AA","CC","TC","CG","TT","GA","GA","AT","GG","CT","CC","TT","AA","CC","CC","TT","CC","CC","AA","AA","CC","AA","AA","AC","AA","GG","TT","TT","AG","CC","TT","AA","GA","GG","CT","CT","GG","AA","CT","CT","GG","GG","GG","CC","GG","AG","AA","GG","CC","TT","AA","AA","CC","GG","GG","TT","TT","GG","TC","TC","CC","CC","CC","GC","GC","AA","AA","TC","GG","TT","AA","CG","AG","CC","TT","TT","TT","GG","AA","GG","GA","CC","AA","GG","AA","TG","AA","CG","CT","GG","GG","GT","GG","AA","CC","CC",NA,"TT"
"SDunes_M07.sc","S Dunes","AG","CC","TC","GG","TT","GA","GG","AA","GA","CC","CC","TT","AG","CC","CC","CT","CT","CC","AA","AA","CT","CC","CC","CC","AA","GG","TT","TC","GG","TC","AT","AA","GG","GG","CC","CC","GG","GA","CC","TT","GG","GA","GA","CC","GG","AA","AA","GG","CC","TT","AA","AA","CC","GT","CG","TT","TT","GG","CC","CC","CC","CC","CT","GG","GG","AG","CC","TC","GG","TC","AA","CC","GG","CC","TT","TT","TA","GG","AA","GG","AA","CT","AA","GT","AA","TT","AA","CC","TT","GG","GC","TT","AG","AA","CC","CC","AA","CT"
"NCoast_F02.sc","North Coast","AG","AA","CC","CC","TT","GG",NA,"AA","GG","CC","CC","TT","GG","TT","CT","CT","CC","CC","AA","GG","TT","AA","AA","AC","AA","GG",NA,"TT","AA","CC","AT","AA",NA,NA,"CT","CT","GG","AA","CC","CC","AG","GG","GG","CC","AA","AA","AA","GT","CT","TC","AA","AA",NA,"GT","GG","TT","TT","GG","TC","TC","CC","CC","CC","GG","GG","AA","AA","TT","GG","TT","AG","GG","AG","CC","CC","GG","TT","GT","TT",NA,NA,"CC","AA",NA,"AG","TT",NA,"CC","CC","GG","GG","GG","AA","AA","CC","CC","AA","CC"
"NCoast_F03.sc","North Coast","AA","AA","TC","CG","TT","GG","GA","AT","GA","CC","CC","TT","AA","CT","CT","CT","CC","CC","AA","GA","TT","AA","AA","AA","AA",NA,"TT","TT","AA","TC","AT","AA","GG","AA","CC","CC","AG","AA","CC","CC","AG","GG","GG","CC","AA","AG","AA","GG","CT","TT","AA","AA","CT","GT","CG","TT","CT","AA","TT","TT","CC","CC","CT","GC","GC","AA","AA","TT","GG","TT","AG","GG","AG","CC","CC","GG","TT","GT","AT","GA","GG","CC","AA","TT","AA","TT","GG","CC","CC","GG","GC","GG","AA","AA","TC","CC",NA,"CC"
"SDunes_M08.sc","S Dunes","AA","CC","CC","GG","TT","GA","GG","AT","GG","CC","CC","TT","AA","CC","CC","CT","CC","CC","AA","AA","CC","CC","CC","AC","AA","GG","TT","TC","AG","TT","AT","AA","GG","GG","CT","CT","AG","AA","CC","CC","GG","GG","GG","CC","GG","AG","AA","GG","CC","TT","AA","AA","CC","GG","GG","TT","CT","GG",NA,NA,"CC","CC","CT","CC","CC","AG","CC","CC","GG","TT","AA","CC","AG","TT","TT","TT","TT","GT","AT","AA","GA","CT","AA","GG","AA","TT","GA","CG","CT","GG","GC",NA,"GG","AA","CC","CC","AA","CC"
"SDunes_M09.sc","S Dunes","AA","CC","TC","CG","TT","GA","GG","AA","GA","CC","CC","TT","GG","CC","CC","TT","CC","CC","AA","AA","CT","CC","CC","AC","AA","GG","TT","TT","AG","CC","TT","AA","GG","AG","TT","TT","AA","AA","CC","CT","GG","GG","GG","CC","AG","AA","AA","GG","CC","TT","AA","AA","CC","GG","GG","TT","TT","GG","CC","CC","CT","CT","CT","CC","CC","GG","CC","CC","GG","CC","AA","CC","AG","TT","TT","TT","TA","GG","AT","GA","AA","CT","AA","GT","AA","TT","GG","CC","CT","GG","GC","TT","GG","AA","CC","CC","AA","CT"
"SDunes_M10.sc","S Dunes","AA","CC","TT","GG","TT","GG","GG","AT","GG","CT","CC","TT","GG","CC","CC","TT","CC","CG","AA","GA","CC","AA","AA","AC","AA","GG","TT","TC","AG","CC","AA","AA","AA","AG","CC","CC","GG","GA","TT","CC","AG","GG","GG","CC","AG","AA","AA","GG","CC","TT","AA","AA","CC","GT","CC","TT","CT","GG","CC","CC","CC","CC","CT","CC","CC","AG","AA","TC","GG","TT","AA","GG","AG","CC","TT","TT","AA","GT","AA","GG","GA","CC","AA","TT","AA","TT","GA","CC","CC","GG","GC","GG","AA","AA","CC","CC",NA,"CT"
"SDunes_F10.sc","S Dunes","AG","AC","TT","CC","TT","GG","GA","AT","GG","CC","CC","TT","AA","CC","CC","TT","CC","CG","AA","AA","CT","AC","AC","AA","AA","GG","TT","TC","AA","CC","AT","AA","GA","AG","TT","TT","GG","AA","CT","CT","AG","GA","GA","CC","GG","GG","AA","GG","CC","TC","AA","AA","CT","GG","CG","TT","TT","GG","TC","TC","CC","CT","CT","CC","CC","GG","AC","TT","GC","TT","AA","CC","AA","CC","TT","TT","AA","GG","AA","AA","GA","CT","AA","GG","AA","TT","GA","GG","CC","GG","CC","TT","GG","AC","CC","CC",NA,"CC"
"SDunes_F11.sc","S Dunes","AA","CC","TC","CC","TT","GG","GG","AT","GG","CT","CC","TT",NA,"CC","CC","TT","CC","CC","AA","AA","TT","CC","CC","AA","AA","GG","TT","TC","AA","CC","AA","AA","GA","AG","CT","CT","AG","AA","CT","CC","AG","GG","GG","CC","AG","AG","AA","GG","CC","TC","AA","AA","CC","GG","GG","TT","CT","GG","CC","CC","CC","CC","CC","GC","GC","AG","CC","TT","GC","TT","AA","CC","AA","CC","TT","TT","AA","GG","AA","AA","GA","CC","AA","GG","AA","TT","GA","CG","CT","GG","CC","GT","AG","AA","CC","CC","AA","CT"
"SDunes_M11.sc","S Dunes","AA","CC","TT","CG","TT","AA","GG","AA","GG","CC","CC","TT","AA","CC","CC","CT","CC","CC","AA","AA","CC","CC","CC","CC","AA","GG","TT","TC","AG","TC","AT","AA","GA","AA","CT","CT","GG","AA","CC","CT","GG","GG","GG","CT","GG","AA","AA","GG","CC","TC","AA","AA","CC","GG","GG","TT","CT","GG","CC","CC","CC","CC","CT","CC","CC","AG","CC","CC","GC","TC","AA","CC","GG","CC","CC","TT","AA","GT","AA","GA","GA","CT","AA","GG","AA","GG","GG","CC","CC","GG","GC","GT","AG","AA","CC","CC","AA","CC"
"SDunes_F12.sc","S Dunes","AA","CC","TT","CG","TT","GA","GG","AA","GA","CC","CC","TT","AA","CC","CC","TT","CT","CC","AA","AA","TT","CC","CC","AC","AA","GG","TT","CC","AG","TC","AT","AA","AA","AG","CT","CT","AA","AA","TT","CT","GG","GG","GG","CC","GG","AA","AA","GG","CC","CC","AA","AA","TT","GT","GG","TT","TT","GG","CC","CC","CC","CT","CT","CC","CC","AG","CC","TT","CC","TT","AA","CC","AG","CT","TT","TT","TT","GT","AA","AA","GG","CT","AA","GT","AA","TT","AA","CC","CT","GG","CC","GT","AA","AA","CC","CC","AA","CC"
"SDunes_M12.sc","S Dunes","AA","CC","TT","GG","TT",NA,"GG","AA","GG","CC","CC","TT","AA","CC",NA,"CT","CC","CC","AA","AA","CC","CC","CC","CC","AA","GG","TT","TC","AA","CC","AT","AA","GA","AG","TT","TT","AA","AA","CT",NA,"GG","GG","GG","CC","GG","AA","AA","GG","CC","TC","AA","AA","CC",NA,"GG","TT","TT","GG","CC","CC","CC","CC","CC",NA,NA,"AA","CC","TC","GC","TT","AA",NA,"AG","CC","CT","TT","TT","GG","AA","AA","GG","CC","AA","GT","AA","TG","AA","CC","CC","GG","GG","GG","AA","AA","TC","CC",NA,"CC"
"SDunes_F13.sc","S Dunes","AG","CC","TC","CC","TT","GG","GA","AA","GG","CC","CC","TT","AA","CC","CC","TT","CC","CG","AA","AA",NA,"AC","AC","AC","AA","GG","TT","TC","AG","CC","AA","AA","AA","GG","TT","TT","AG","AA","TT","CT","GG","GG","GG","CC","GG","AA","AA","GG","CC","TT","AA","AA","CT","GG","CG","TT","TT","GG","CC","CC","CC","CC","CT","GC","GC","AG","AC","TT","GG","TT","AA","CC","AA","CC","CT","TT","TT","GG","AA","AA","GG","CC","AA","GT","AA","TG","GA","CC","CC","GG","GG","GT","AG","AC","TC","CC","AA","CT"
"SDunes_F14.sc","S Dunes","AG","CC","TC","GG","TT","GA","GG","AA","GA","TT","CC","TT","AA","CC","CC","CT","CC","CG","AA","GA","CT","CC","CC","CC","AA","GG","TT","TT","AG","CC","AA","AA","GG","GG","CT","CT","AA","GG","CC","CT","GG","GG","GG","CC","AA","AA","AA","GG","CC","TT","AA","AA","CC","GG","CG","TT","CT","GG","CC","CC","CC","CC","CT","GC","GC","AG","CC","TC","GG","TT","AA","CC","GG","CC","TT","TT","TT","GT","AA","GG","GG","CC","AA","GT","AA","TT","AA","CC","CT","GG","CC","TT","AG","AA","CC","CC","AA","TT"
"SDunes_M13.sc","S Dunes","GG","CC","TC","GG","TT","GA","GG","AA","GA","CT","CC","TT",NA,"CC","CC","CT","CT","CG","AA","GA","CC","CC","CC","CC","AA","GG","TT","TC","GG","CC","AT","AA","GG","GG","CT","CT","AG",NA,"CC","TT","GG","GG","GG","CC","AG","AA","AA","GG","CC","TT","AA","AA","CC","GG","CC","TT","TT","GG","CC","CC","CC","CC","CC","GC","GC","AG","CC","TT","GG","TC","AA","CC","GG","CC","TT","TT","TA","GT","AA","GG","GA","CC","AA","GT","AA","TT","AA","CC","CT","GG","CC","TT","GG","AA","CC","CC","AA","TT"
"SCoast_M02.sc","S Coast","GG","AC","TC","CG","TT","AA","GG","AT","GG","CC","CC","TT","GG","CT","CC","CC","CC","CC","AG","GG","CC","CC","CC","AC","AA","GG","TC","CC","AA","CC","AT","AA","GG","AA","TT","TT","AG","AA","TT","TT","AG","GA","GA","CC","GG","AG","AA","GT","CC","TC","AA","AA","CT","GT","GG","TT","TT","GG","TC","TC","CC","TT","CT","GG","GG","GG","AC","TC","GG","TT","AA","CC","AA","CC","CT","TT","TT","TT","AA","GG","GG","CC","AG","GT","GG","TG","GG","CC","CC","GG","CC","GG","AG","CC","CC","CC","AA","TT"
"SDunes_F15.sc","S Dunes","AA","CC","TC","CG","TT","GG","GG","AT","GG","CC","CC","TT","AA","CC","CC","TT","CC","CC","AA","AA","CC","AC","AC","AC","AA","GG","TT","TC","AA","CC","AA","AA","AA","GG","TT","TT","GG","AA","TT","CC","GG","GG","GG","CC","GG","GG","AA","GG","CC","TC","AA","AA","CT","GT","GG","TT","CC","GG","CC","CC","CC","CC","CT","GG","GG","AA","AC","TT","GC","TT","AA","GG","AA","CT","TT","TT","TA","GG","AA","GA","GA","CC","AA","GG","AA","TT","GA","CG","CC","GG","GC","GG","AG","AA","TT","CC","AA","CC"
"SCoast_M01.sc","S Coast","AA","AA","TC","CC","TT",NA,"GG","AA","GG","CC","CC","TT","GG","TT","CC","TT","CT",NA,"AA","AA","CC","AA","AA",NA,"GG",NA,"TC",NA,"AG","CC","AT","AA","GG",NA,"TT","TT","AA",NA,"CC","CC","AA","GG","GG","CC","AG","AA","AA","GG","CC","TT",NA,NA,NA,"GG","GG","TT","CT","AA",NA,NA,"CC","CC","CT","CC","CC","AA","AA","TT","CC","TT",NA,"CC","AG","CC","CT","GT","AA","GT","AA","GG","GA","CC","AA",NA,"AA","TT","GG",NA,"CC","GG","GC",NA,NA,"AA","TT","CC",NA,"TT"
"SDunes_M14.sc","S Dunes","AG","CC","TT","CG","TT","GG","GA","AT","GG","CT","CC","TT","GG","CC","CC","TT","CC","CC","AA","AA","CC","CC","CC","AA","AA","GG","TT","TC","AA","CC","AT","AA","AA","AG","CT","CT","AG","AA","CT","CC","AG","GG","GG","CC","AG","AG","AA","GG","CC","TC","AA","AA","CT","GT","CG","TT","CT","GG","TC","TC","CC","CT","CC","GC","GC","GG","CC","TC","GC","TT","AA","CC","AA","CC","CT","TT","TA","GG","AA","AA","GA","CT","AA","GG","AA","TT","GG","CG","CC","GG","GC","GT","AG","AC","CC","CC","AA","CT"
"SDunes_F16.sc","S Dunes","AA","AC","TT","CG","TT","GA","GG","AT","GA","CT","CC","TT","AA","CC","CT","TT","CC","CC","AA","AA","CC","AC","AC","AA","AA","GG","TT","TT","AG","CC","AT","AA","GA","GG","TT","TT","GG","AA","CT","CC","GG","GA","GA","CC","AG","AG","AA","GG","CC","TT","AA","AA","CT","GG","GG","TT","CT","GG","CC","CC","CT","CC","CC","GC","GC","AA","AC","TT","GG","TT","AA","CG","AA","CC","CT","TT","TT","GG","AA","AA","GA","CC","AA","GG","AA","TG","GA","CC","CC","GG","GC","GT","GG","AA","TC","CC","AA","CT"
"SDunes_M15.sc","S Dunes","AG","AC","TC","CG","TT","GG","GA","AA","GG","CC","CC","TT","AA","CC","CC","TT","CC","CC","AA","AA","CC","AC","AC","AC","AA","GG","TT","TC","GG","CC","AT","AA","GA","GG","TT","TT","GG","AA","CT","CC","GG","GA","GA","CC","GG","AA","AA","GG","CC","TC","AA","AA","CC","GG","CG","TT","CT","GG","CC","CC","CC","CC","CT","GC","GC","AG","AC","TT","GC","TT","AA","CC","GG","CC","CT","TT","TA","GG","AA","GA","GG","CC","AA","TT","AA","TT","GG","CG","CC","GG","CC","GT","AG","AA","TC","CC",NA,"CT"
"SDunes_M16.sc","S Dunes","AA","CC","TC","CG","TT","GG","GA","AT","GG","CC","CC","TT","GG","CC","CT","TT","CC","CG","AA","AA","CC","CC","CC","AA","AA","GG","TT","TC","AG","CC","AT","AA","AA","AG","CT","CT","GG","AA",NA,"CC","GG","GG","GG","CC","GG","AG","AA","GG","CC","TC","AA","AA","CC","GT","CG","TT","CT","GG","CC","CC","CC","CC","CC","CC","CC","GG","CC","CC","GC","TT","AA","CG","AA","CC","CT","TT","TT","GG","AA","AA","GA","CT","AA","GT","AA","TG","GG","CG","CC","GG","CC","GG","GG","AA","CC","CC","AA","CC"
"SDunes_F17.sc","S Dunes","AA","AC","TC","CG","TT","GA","GG","AA","GA","TT","CC","TT","AA","CC","CT","TT","CC","CG","AA","AA","CC","AC","AC","AA","AA","GG","TT","TC","GG","CC","AT","AA","GA","GG","CT","CT","GG","GA","CT","CC","GG","GA","GA","CC","AA","AA","AA","GG","CC","TC","AA","AA","CC","GG","CC","TT","TT","GG","CC","CC","CT","CC","CC","CC","CC","AA","AC","TC","GC","TT","AA","CC","AA","CC","CT","TT","TA","GG","AA","GA","GG","CC","AA","GT","AA","TT","GG","CC","CC","GG","GC","GT","AG","AA","CC","CC","AA","CC"
"Applegate_M01.sc","Applegate","AG","CC","TT","CC","TT","AA","GG",NA,"GG",NA,"CC","TT","GG","TT","CC","CC","CC","CC","AA","AA","CT","AC","AC",NA,NA,"GG","TT","TC","AG","CC","AT","AA","GA",NA,"TT","TT","AG","AA","CC","TT","AA","AA","AA",NA,"GG","GG","AA","GT","CC","TT","AG","AG","CC","TT",NA,"TT","CC","GG","TC","TC","CC","CT","CT","CC","CC","AA",NA,"TT","CC","TC","AA","CC","AG","CC","CT","TT","TA","GT","AA","AA","GG","CT","AA","GG",NA,"TT","GG","CG","CC","GG",NA,"GT","GG",NA,"CC","CC","AA","CT"
"NDunes_F09.sc","N Dunes","AA","AA","CC","CC",NA,"AA","AA","AA","GG","CC","TT","CC","AA","CT","CC","CT","CT","CC","AA","GG","TT","AA","AA","AA","AA","AA","CC","TT","AG","TT","AA","AA","AA","AA","CC","CC","GG","GA","TT","CT","AG","GA","GA","TT","AG","AG","GG","GT","CC","TT","AA","AA","TT","GG","CG","TT","TT","GG","TT","TT","CC","CT","CT","GG","GG","AA","AA","TT","GC","TC","GG","CC","AA","CC","CC","GG","TT","GG","AT","GA","GA","CC","AA","GT","AA","TT","GA","CC","CC","GA","GG","GG",NA,"AC","TT","CC","AA","CC"
"SDunes_M17.sc","S Dunes","AG","AC","TC","CG","TT","GA","GA","AT","GA",NA,"CC","TT","AA","CC","CT","TT","CC","CG","AA","AA","CT",NA,NA,"AC","AA","GG","TT","TC","AG","CC","AT","AA","GA","GG","CT","CT","AG","GA","CT","CT","GG","GA","GA","CT",NA,"AG","AA","GG","CC","TC","AA","AA","CT","GT","CG","TT","CT","GG","CC","CC","CT","CT","CT","CC","CC",NA,"AC","TC","GC","TT","AA","CC",NA,"CT","CT","TT","TA",NA,"AA","GA","GA","CT","AA","GT","AA","TG","GA",NA,NA,"GG","GC","GT","GG","AC","CC","CC","AA","CT"
"SDunes_M04.tr","S Dunes","AA","CC","TC","CG","TT","GA","GG","AA","GA","CC","CC","TT","GG","CC","CC","TT","CC","CC","AA","AA","CT","CC","CC","AC","AA","GG","TT","TC","GG","CC","TT","AA","GG","AG","TT","TT","AG","AA","CC","CC","GG","GG","GG","CC","GG","AA","AA","GG","CC","TT","AA","AA","CC","GT","GG","TT","CT","GG","CC","CC","CT","CT","CC","GC","GC","GG","CC","TC","GG","TC","AA","CC","AG","CT","TT","TT","TA","GT","AT","GA","GA","CT","AA","TT","AA","TT","GG","CC","CT","GG","GC","TT","AG","AA","CC","CC",NA,"CT"
"NDunes_M02.tr","N Dunes","AA","AA","TC","CC","TT","GA","GA","AA","GA","CC","TT","TT","AA","TT","CT","CC","CC","CC","AA","GG","TT","AA","AA","AA","AA","GG","TT","TT","AA","TT","AA","AA","GA","AA","CC","CC","AG","AA","TT","TT","AA","GA","GA","TT","AA","GG","GG","GT","CC","TT","AA","AA","CC","TT","CG","TT","CT","GA","TT","TT","CC","CT","CC","GG","GG","AA","AA","TT","GC","CC","AA","CC","AA","CC","CT","GG","TT","TT","AA","GG","GA","TT","AA","GG","AA","TT","GA","CC","CC","GG","GG","GG","AG","AC","TT","CT","AA","CC"
"SDunes_F05.sc","S Dunes","AG","AC","TC","CG","TT","GG","GA","AT","GG","CC","CC","TT","AA","CC","CT","TT","CC","CG","AA","AA","CT","AC","AC","AA","AA","GG","TT","TC","AG","CC","AT","AA","AA","GG","TT","TT","GG","AA","TT","CT","GG","GA","GA","CC","GG","AG","AA","GG","CC","TC","AA","AA","CT","GG","CG","TT","CT","GG","CC","CC","CC","CC","CT","CC","CC","AA","AC","TC","GC","TT","AA","CC","AA","CT","CT","TT","TA","GG","AA","AA","GA","CC","AA","GT","AA","TT","GA","GG","CC","GG","CC","GT","GG","AC","CC","CC","AA","CT"
"SDunes_F04.tr","S Dunes","AA","CC","TT","CG","TT","GA","GA","AT","GA","CC","CC","TT","GG","CC","CC","TT","CC","CC","AA","AA","CT","CC","CC","AA","AA","GG","TT","TT","AG","CC","TT","AA","GA","GG","TT","TT","AG","AA","CC","CC","GG","GG","GG","CC","GG","AG","AA","GG","CC","TC","AA","AA","CC","GG","CG","TT","CC","GG","TC","TC","CC","CC","CC","CC","CC","GG","CC","CC","GC","TC","AA","CC","AA","CT","TT","TT","TA","GG","AA","AA","GA","CC","AA","GT","AA","TT","GG","CG","CT","GG","GG","TT","AG","AC","CC","CC","AA","CT"
"SDunes_M19.sc","S Dunes","AA","AC","TC","CG","TT","GA","GG","AA","GA","CT","CC","TT","AG","CC","CC","TT","CC","CC","AA","AA","CT","CC","CC","AC","AA","GG","TT","TC","GG","CC","TT","AA","GG","GG","CT","CT","AG","GA","CC","CT","GG","GA","GA","CT","AG","AA","AA","GG","CC","TT","AA","AA","CC","GT","GG","TT","TT","GG","CC","CC","CT","CT","CT","CC","CC","AG","CC","TT","GG","TT","AA","CC","AG","CT","CT","TT","TT","GT","AA","GG","GG","CT","AA","GG","AA","TG","GA","CG","CT","GG","GC","GT","GG","AA","CC","CC","AA","CC"
"NDunes_F01.tr","N Dunes","GG","AA","CC","CC","TT","AA","AA","AA","GG","CC","TT","TC","AA","CT","CC","CT","CT","CC","AG","GG","TT","AA","AA","AA","AA",NA,"TC","TT","AA","TT","AA","AA","GA","AA","CC","CC","GG","GG","TT","CT","GG","AA","AA","TT","AA","GG","AG","TT","TT","TT","AG","AG","CT","GG","GG","TT","TT","AA","TC","TC","CC","CC","CC","GG","GG","AA","AA","TT","GG","TC","AG","CC","AA","CC","CC","GG","TT","GT","AA","GG","GA","CC","AA","GG","AA","TT","GG","CC","CC","GA","GG","GG","AG","AC","TT","CC","AA","CC"
"NDunes_M03.tr","N Dunes","AA","AA","TC","CC","TT","GA","AA","AA","GA","CC","TT","TC","AA","CT","CC","CT","CC","CC","AA","GG","TT","AA","AA","AA","AA","AA","TC","TT","AA","TT","AA","AA","AA","AA","CC","CC","GG","AA","TT","CT","AG","GA","GA","TT","AA","GG","GG","TT","CC","TT","AA","AA","CT","GT","CG","TT","TT","GA","TT","TT","CC","TT","CC","GG","GG","AA","AA","TT","CC","CC","AG","CC","AA","CC","CT","GG","TT","GT","AT","GA","GA","CT","AA","GG","AA","TT","GG","CC","CC","GA","GG","GG","GG","AC","TT","CT","AA","CC"
"NDunes_F03.tr","N Dunes","AA","AA","TC","CC","TT","GA","GA","AT","GA","CC","TT","TC","AA","TT","CC","CC","CC","CC","AA","GA","TT","AA","AA","AA","GG",NA,"TT","TT","AA","TT","AA","AA","AA","AA","CC","CC","AG","GA","TT","TT","AG","GA","GA","TT","AA","AG","GG","GT","CT","TC","AA","AA","CC","GT","CG","TT","TT","AA","TC","TC","CC","TT","CT","GG","GG","AA","AA","TT","GG","TC","AA","CC","AA","CC","CT","GG","TT","GT","AA","GG","GA","CT","AA","GT","AA","TT","GG","CC","CC","GA","GG","GG","AG","AA","TT","CT",NA,"CC"
"NCali_M07.sc","N California","AA","CC","TC","CC","TC","GA","GG","AA","GG","CC","CC","TT","AA","CT","CC","CT","CC","CG","AG","AA","CT","AC","AC","AC","AA","GG","TC","CC","AA","CC","AT","AA","GG","AG","TT","TT","AG","GG","CC","CC","AG","GG","GG","CC","GG","GG","AA","GT","CT","TC","AA","AA","CC","GT","GG","CC","CC","GG","CC","CC","CT","TT","CT","GG","GG","AG","CC","TT","GG","TT","AA","CG","AG","CT","CT","TT","AA","GG","AA","GA","GG","CC","AA","GT","GG","TG","GA","CC","TT","GA","GG","GG","GG","AA","TC","CC","AA","TT"
"Border_F02.sc","Border","AA","CC","CC","CG","TT","GA","GG","AA","GG","CC","CC","TT","GG","TT","CC","CT","CT","CC","AG","AA","CC","CC","CC","AC","AA","GG","TC","CC","GG","CC","AT","AA","GG","AG","CC","CC","AG","GA","CC","CT","AA","GG","GG","CT","GG","GG","AA","GG","CC","TC","AA","AA","CT","GT","GG","TC","CT","GG","TC","TC","CT","CT","TT","GC","GC","AA","CC","TT","GC","TC","AA","GG","AG","CC","TT","GG","AA","GT","AA","GA","GG","CC","AA","GT","GG","TT","GG","CC","CT","GA","GC","GT","GG","AA","TC","CC","AC","CT"
"NCali_M08.sc","N California","AG","CC","TC","CG","TT","GA","GG","AA","GG","CC","CC","TC","AA","CT","CC","CT","CC","CG","AA","AA","CT","AC","AC","AA","AA","GG","TC","TC","AG","CC","AT","AA","GG","AG","CT","CT","AG","GA","CT","TT","AG","GG","GG","CT","AG","AA","AG","GT","CC","TT","AA","AA","CT","GT","GG","TT","CC","GG","TC","TC","CC","TT","TT","GC","GC","AA","CC","TC","GC","TC","AA","CC","AG","CC","TT","GT","TA","GG","AA","GG","GA","CC","AA","GT","GG","TG","GG","CC","CC","AA","GC","GT","GG","AA","CC","CC",NA,"TT"
"NCali_M09.sc","N California","AA","AA","TT","CG","TT","GG","GG","AA","GG","TT","CC","TT","AA","CT","CC","CC","CC","CC","AG","GA","CT","AC","AC","AA","AA","GG","TC","TT","AG","CC","AT","AA","GG","AG","CT","CT","GG","GA","CC","CC","AG","GG","GG","CT","AG",NA,"AA","GG","CT","TT","AG","AG","CT","GG","GG","TT","TT","GG","CC","CC","CT","TT","TT","GG","GG","GG","AC","CC","CC","TC","AA","CC","GG","CT","TT","GT","TA","GT","AA","GA","GG","CC","AA","GT","AG","TT","GG","CC","CT","GA","CC","GG","GG","AC","CC","CC","AA","CC"
"NCali_M10.sc","N California","AA","CC","TC","CG","TT","GG","GG","AT","GG","CC","CC","TT","GG","CC","CT","CC","CT","CC","AG","AA","CT","AC","AC","AC","AA","GG","TC","CC","AG","CC","AA","AA","GA","AA","CT","CT","AG","GA","CT","TT","GG","GG","GG","CC","GG",NA,"AA","GG","CT","TT","AA","AA","CT","GT","GG","TC","CT","GA","TC","TC","CT","CT","CT","GC","GC","AG","AC","TT","GC","TT","AG","CG","AG","CC","TT","GT","AA","GG","AA","GG","GG","CC","AG","GG","AG","TT","GG","CC","CC","GG","GG","GG","GG","AA","TT","CC",NA,"CC"
"SDunes_F19.sc","S Dunes",NA,"CC","TT","CG","TT",NA,"GA",NA,"GG","CT","CC","TT","AA","CC","CC",NA,NA,"CC","AA","AA","CC","AA","AA",NA,"AA","GG","TT","TT","AG","CC",NA,"AA",NA,"GG","CT","CT","GG","AA",NA,NA,"GG","GG","GG","CC","GG","AG","AA","GG","CC","TT","AA","AA","CC","GG","GG","TT","TT","GG",NA,NA,"CC","CC","CC","GC","GC","AA","AA","TC","GG","TT","AA","CG",NA,"CC","TT","TT","TT","GG","AA","GG","GA","CC",NA,"GT","AA","TG","AA","CG","CT","GG","GG","GT","GG","AA","CC","CC","AA","TT"
"NCali_M11.hr","N California","AA",NA,"TC","CG","TT","GA","GA","AA","GG","CC","CC","TT","AG","CC","CT","CT","CC","CC","AG","AA","CT","CC","CC","AA","AA","GG","CC","CC","AA","CC","AA","AA","GG","AG","CT","CT","GG","GA","CC","CC","AG","GG","GG","CT","GG","AG","AG","GT","CT",NA,"AA","AA","CT","GG","GG","TC",NA,"GA",NA,NA,NA,"TT","TT","GC","GC","AG","CC","TT","GC","TT","AA","CG",NA,"CT","TT","GT","TA","GT","AA","GA","GG","CC","AG",NA,"AA","TT","GA","CG",NA,NA,"GG","GG","GG","AA","TC","CC",NA,"CT"
"NCali_M12.hr","N California","AG","AC","TC","CG","TT","GA","GG",NA,"GG","CC","CC","TT","GG","TT","CC","TT","CC","CC","AG","AA","CT","AC","AC","AC","GA","GG","TT","TC","AG","CC","AA","AA","GG","AG","CC","CC","AG","AA","CC","CC","AG","GG","GG","TT","AG","AG","AA","GT","CC","TT","AA","AA","TT","GT","GG","TT","CC","GA","CC","CC","CT","CT","TT","GG","GG","AG","CC","TT","CC","TT","AA","CC","AA","CT","TT","TT","TA","GT","AA","AA","GA","CC","AA","GG","AG","TT","GG","CC","CT","GA","GC","GG","GG","AA","CC","CC","AA","CC"
"NCali_F04.sc","N California","AA","CC","TC","CG","TT","GG","GA","AA","GG","CC","CC","TT","AA","TT","CC","CC","CC","CC","AG","AA","CC","AC","AC","AA","AA","GG","TT","CC","AA","CC","AT","AA","GG","AA","CC","CC","GG","GA","TT","CT","AA","AA","AA","CT","GG","GG","AA","GG","CT","TT","AA","AA","CT","TT","GG","TT","CC","GG","TC","TC","TT","CT","TT","GG","GG","GG","AA","TC","CC","TT","AA","CC","AG","CC","TT","GT","TA","GT","AA","GG","GG","CC","AA","GT","AA","TT","GG","CC","CC","GA","GG","GG","AG","AA","CC","CC",NA,"CC"
"NCali_F05.sc","N California","AA","AC","TC","CG","TT","AA","AA","AA","GG","CC","CC","TT","AA","CT","CC","CC","CC","CC","AG","AA","CC","CC","CC","AA","AA","GG","TC","CC","AA","CC","AT","AA","GG","AA","CC","CC","GG","AA","TT","CT","AA","GG","GG","TT","GG","GG","AA","GG","CT","TT","AA","AA","CT","GT","GG","TT","CC","GG","CC","CC","TT","CC","CT","GG","GG","GG","AC","TC","CC","TT","AA","CG","AG","CT","TT","GT","TA","GT","AA","GA","GA","CC","AG","GT","AG","TT","GG","CC","CT","GG","GG","GG","AG","AA","CC","CC","AA","CC"
"NCali_M13.sc","N California","AA","AC","TC","CC","TT","GG","GG","AT","GG","CC","CC","TT","GG","CT","CC","CC","CC","GG","AA","AA","CC","CC","CC","AC","AA","GG","CC","CC","AG","CC","AA","AA","GA","AG","CT","CT","AA","GA","CC","CT","GG","GG","GG","CT","AA","AA","AA","GG","TT","TT","AA","AA","CT","GG","GG","TC","CT","GA","TC","TC","CC","CT","TT","GG","GG","AG","AC","TT","GG","TC","AA","CC","AG","CT","CT","TT","TT","GT","AA","GA","GG","CC","AA","GT","AG","TG","GA","CC","CC","GA","GG","GG","AG","AA","CC","CC","AA","CT"
"NCali_F06.sc","N California","AA","AA","TC","CC","TT",NA,"GG","AT","GG","CC","CC","TC","GG","CC","CC","TT","CC",NA,"AG","AA","CC","CC","CC","AA","AA","GG","CC","CC","AG","CC","AA",NA,"GG","AA","CC","CC","AG",NA,"CT","CC","AG","AA","AA","CT","GG",NA,"AG","GG","CT","TT","AA","AA",NA,"GG","CG",NA,"CC","GG",NA,NA,"CC","TT",NA,"GG","GG","GG","AC","TC","GC","TT","AA","GG","GG","TT","TT","TT","TT","GG","AA","GA","GG","CC","AA","GG",NA,"TT","GG","CC","CC","GG","GG","GG","GG","AA","CC","CC",NA,NA
"Border_F03.sc","Border","AA","AA","TT","CC","TC","GA","GG","AA","GG","CC","CC","TT","AA","CT","CC","CT","CC","CC","AG","AA","CT","CC","CC","AA","GA","GG","TC","TC","AG","CC","AT","AA","GA","AG","CT","CT","AG","GA","CT","CT","AG","GA","GA","CC","GG","AA","AG","GT","CT","TT","AG","AG","TT","GT","CG","TC","TT","GA","CC","CC","CC","CT","TT","CC","CC","GG","AC","TC","GC","TT","AA","CC","GG","CT","TT","TT","TA","GG","AT","GG","GG","CC","AA","GG","GG","TT","GA","CC","CC","GG","GC","GG","GG","AA","TC","CC",NA,"CT"
"NCali_M14.sc","N California","GG","AA","TT","CC","TT","GG","GG","AA","GG","CC","CC","TC","AA","CT","CC","CC",NA,"CC",NA,"AA","CC","CC","CC",NA,"AA","GG","CC","TT","AA","CC","AA","AA","GG","AA","TT","TT","GG",NA,"CT","CC","GG","GG","GG","CT","GG",NA,"GG","GT",NA,"TC","AA","AA",NA,"GT","GG","TT","CT","AA","TC","TC","CC","CT","CT","CC","CC","GG","CC","TC","GC","TT","GG","GG",NA,NA,"TT","TT",NA,"GG","AA","AA","GG","CC","AG","GG","AG","TT","GG","CC","CT","GA","GG","GG","GG","AA","TT","CC","AA","CC"
"SDunes_M20.sc","S Dunes","AA",NA,"CC","CG","TT","GG","GG","AT","GG","CC","CC","TT","AG","CC","CC","CT","CC","CC","AA","AA",NA,"CC","CC","AC","AA","GG",NA,"TT","GG","CC","AA","AA","GG","GG","CT","CT","GG","AA","CC","CC","GG","GG","GG","CC","GG","AA","AA","GG","CC",NA,"AA","AA","CC","GT","GG","TT","CT","GG",NA,NA,"CC","CC","CT","GG","GG","AG","CC","TC","GC","TC","AA","CG","AG","CC","CC","TT","TA","GT","AT","AA","GG","CT","AA","TT","AA",NA,"GA","GG","CT","GG","GC","GT",NA,"AA","CC","CC","AA","CT"
"NCoast_F04.sc","North Coast","AG","CC","TC",NA,"TT","GA","GG","AT","GG","CC","CC","TT","AG","CT","CC","CC","CC","CC","AA","GA","CT","AA","AA","AA","GG","GG","CC","TT","AG","TC","AA","AA","GG","AA","CC","CC","AA","GA","CC","CT","AA","GG","GG","CT","AG","AA","AA","GG","CC","TT","AA","AA","CT","GT","CC","TT","CC","GG","TT","TT","CC","CC","TT","GG","GG","GG","AA","TC","GG","TT","AA","CG","AG","CT","CC","GT","TA","GT","AT","GG","GG","CC","AA",NA,"AA","TT","GG","CC","CC","GG","CC","GT","AG","AA","TC","CC","AA","CC"
"SDunes_M21.sc","S Dunes","AG","CC","CC","CC","TT","GA","GG","AT","GA","TT","CC","TT","AG","CC","CT","TT","CC",NA,NA,"AA",NA,"AC","AC","AA","AA","GG",NA,"TC",NA,"CC","TT","AA",NA,"GG","CT","CT","GG","GA","CT","CC","GG","GA","GA","CC",NA,NA,"AA","GG","CC","TT","AA","AA","CC","GG","CG","TT","TT","GG","CC","CC","CT","CC","CC","CC","CC","AG","AC",NA,"GG","TT","AA","CC","AA","CC",NA,"TT",NA,"GG","AA",NA,"GG","CC","AA",NA,"AA","TG","GG","CG",NA,"GG","CC","TT","GG","AA","CC","CC","AA",NA
"SDunes_M22.sc","S Dunes","AG","AC","TC","CG","TT","GG","GG","TT","GG","CT","CC","TT","AG","CT","CT","CC","CT","CC","AA","AA",NA,"CC","CC","AC","AA","GG","TT","CC","GG","CC","AA","AA","GG","AG","CC","CC","AG",NA,"CC","CC","AG","GG","GG","CT",NA,"AA","AA","GG","CC","TT","AA","AA","CT","TT","GG","TT",NA,"GG","CC","CC","CC","CT","CT","GG","GG","AG","AC","TT","GC","TT","AA","CC","AG","CC",NA,"TT","TT","GT","AT","GG","GG",NA,"AA","GT","AG",NA,"AA","CG","CC","GG","GG","TT","AG","AA","CC","CC","AA","CT"
"SDunes_F20.sc","S Dunes","AA","CC","TC","GG","TT","GG","GG","AA","GG","CC","CC","TT","GG","CC","CC","CT","CC","CC",NA,"AA","CC","CC","CC","AC","AA","GG",NA,"TC","AG","CC","AA","AA",NA,"AG","CT","CT","AG","AA",NA,"TT","GG","GG","GG","CC","GG","AG","AA","GG","CC","TT","AA","AA","CC","GT","GG","TT","TT","GG","CC","CC","CC",NA,"CC",NA,NA,NA,"CC","TC","GG","TT","AA","CC","AG",NA,NA,"TT","TT","GG","AA","AA","GG","CC","AA","GG","AA","TG","AA","CC","CT","GG","GG","GG","AA","AA","TC","CC","AA","CT"
"Border_F04.sc","Border","AA","CC","TT","CG","TC","GA","GG","AA","GG",NA,"CC","CC","AG","TT","CC","CT","CT","CG",NA,"AA","CC","CC","CC","AC","AA",NA,NA,"TC","AA","CC","AT","AA","GG","AG","CT","CT","AG",NA,"CT","CT","AA","GG","GG","CC","AG","AA","AA","GG","CT","CC",NA,NA,"CT","GT","CG","TC","CT","GG","TC","TC","CT","CT","CT","GG","GG","AG","CC","TT","GG","TC","AA","CC","GG","CC",NA,"TT","TA","GT","AT","GA","GG","CC","AA",NA,"AG","TT","GA","CC","CC","GA","GC","GG","GG",NA,"TC","CC","AA","CT"
"Border_F05.sc","Border","GG","AC","TC","CG","TT","GG","GG","AA","GG",NA,"CC","TC","AA","TT","CT","CC","CT","CG",NA,"AA","CC","AC","AC","AA","AA",NA,NA,"TC","AG","CC","AT","AA","GG","GG","CC","CC","AG","GG","CC",NA,"AG","GG","GG","CT","AA","GG","AA","GG","CC","TT","AG","AG","CT","TT","GG","TT","CC","GG","TC","TC","CC","TT","TT","GC","GC","AG","AC","TT","CC","TT","AA","GG","AG","CT",NA,"TT",NA,"TT","AT","GG","GG","CC","AA",NA,NA,NA,NA,"CC","CC","AA","GC","GG","GG",NA,"CC","CC","AA","CT"
"Border_M02.sc","Border","AA","CC","TT","CC","TT","GA","GG","AT","GG",NA,"CC","TT","AG","CT","CC","CT","CC","CG",NA,"AA","CC","AC","AC","AC","AA","GG",NA,"CC","AG","CC","AT","AA","GG","AA","CT","CT","GG","GG","TT","CT","AA","GG","GG","CC","GG","AA","AG","GG","CT","TC","AG","AG","CC","GG","GG","TC","TT","GG","CC","CC","CT","CT","TT","GC","GC","AG","AC","TT","GG","TT","AA","CG","AG","CT",NA,"TT",NA,"GT","AA","GA","GA","CC","AA","GG","AA",NA,"GA","CC","TT","GG","CC","GG","GG",NA,"TC","CC","AA","TT"
"Border_M03.sc","Border","AA","AC","TC","GG","CC","GG","GG","AA","GG",NA,"CC","CC","GG","TT","CC","CC","TT","CG",NA,"AA","CT","CC","CC","AC","AA","GG",NA,"TC","AA","CC","AT","AA","GG","AA","CT","CT","AG","GG","CT","CC","AG","GG","GG","CT","AG","AA","AG","GG","CC","TC","AG","AG","TT","GG","GG","TC","CT","GG","CC","CC","CC","CT","CT","GC","GC","AA","CC",NA,"GC","TC","AA","GG","GG","CC",NA,"TT","AA","GT","AT","GA","GA","CC","AA","GG",NA,NA,"GG","CG","TT","GA","GG","GG","GG",NA,"TT","CC","AA","TT"
"Lssn_F34.sc","Lassen","AA","CC","CC","CC","TC","AA","GG","AT","GG","CC","CC","TC","GG","TT","CT","TT","TT","CG",NA,"AA","CC","CC","CC","AA","AA","GG",NA,"CC","GG","CC","AT","AA","GG","GG","CC","CC","AG","GA","CC","CC","GG","GG","GG","CT","GG","GG","AA","TT","CT","TT","AA","AA","TT","GT","CG","TC","TT","GA","TC","TC","CC","CC","CC","CC","CC","GG","AC","TT","GC","CC","AG","CG","GG","CC",NA,"GG","TA","GT","AA","GA","GG","CC","AA","GT","GG","TG","GG","CC","CC","AA","CC","TT","GG","CC","TC","CT","AA","CC"
"Lssn_F35.sc","Lassen","GG","CC","TC","CG","TT","AA",NA,"AA","GG","CT","CT","TC","GG","TT","CT","TT","CT","CG",NA,NA,"CC","CC","CC","AA","AA","AA",NA,"TC","GG","CC","TT","AA","GA","GG","CT","CT","AA","GG","CC","CC","GG","GG","GG","CT","AG","AG","AA","GT","CT","TT","AA","AA",NA,"TT","CC","TT","TT",NA,"TT","TT","CC","CC","CC","CC","CC","GG","AC","TT","GC",NA,"AA","CC","GG","CT",NA,"TT","TA","GG","AA","GA","GG","CC","AA","GG","AG","GG","GA","CC","CC","AA","GC","GT","AG","CC","CC","CC","AC","CT"
"MapleCrk_M03.sc","Maple Creek","AG","CC","TT","GG","TC","AA",NA,"TT","GG","CT","CC","CC","GG","TT","CT","TT","TT","GG","AA","GA","CC","CC","CC","CC","AA","GG","CC","CC","AA","CC","AA","AA","GG","GG","CT","CT","AG","GG","CT","CC","GG","GG","GG","TT","GG","AA","AA","GG","TT","TC","AG","AG","TT","GG",NA,"TT","TT","AA","TC","TC","CT","CC","CC","CC","CC","AG","AA","TC","CC","TC","AG","CC","AA","CT","CT","GG","AA","GG","AT","GA","GG","CC","AA","GT","AG","TT","GG","CC","CC","AA","GG","GT","GG","AA",NA,"CC","AA","CC"
"NCali_F07.sc","N California","AA","CC","TT","GG","TT","AA","GG","AA","GG","CC","CC","TT",NA,"CC","CC","CC","CC","CC",NA,"AA","CC",NA,NA,NA,"AA","GG",NA,"CC","AA","CC","AA","AA",NA,NA,"CC","CC",NA,NA,"TT",NA,"AA",NA,NA,"TT","GG","GG","AA","GT","CT","TT",NA,NA,"TT","TT","GG","TT",NA,"GG",NA,NA,"TT","CC",NA,"GG","GG",NA,"CC","TC","CC","TT","AA",NA,NA,"TT","TT","TT","TA",NA,"AA","GG",NA,"CC",NA,"TT","AA",NA,"GG","CC",NA,NA,"GG","GG","AA","AA","CC","CC",NA,"CC"
"SDunes_M23.sc","S Dunes","AG","CC","CC","CC","TT","GA","GG","AT","GA","TT","CC","TT","AG","CC","CT","TT","CC",NA,NA,"AA",NA,"AC","AC","AA","AA","GG",NA,"TC",NA,"CC","TT","AA",NA,"GG","CT","CT","GG","GA","CT","CC","GG","GA","GA","CC",NA,NA,"AA","GG","CC","TT","AA","AA","CC","GG","CG","TT","TT","GG","CC","CC","CT","CC","CC","CC","CC","AG","AC",NA,"GG","TT","AA","CC","AA","CC",NA,"TT",NA,"GG","AA",NA,"GG","CC","AA",NA,"AA","TG","GG","CG",NA,"GG","CC","TT","GG","AA","CC","CC","AA",NA
"SDunes_M24.sc","S Dunes","AG","CC","TC","GG","TT","AA","GG","AT","GG","TT","CC","TC","GG","CT",NA,"TT","CT",NA,NA,"GG","TT","CC","CC","AC","AA","GG",NA,"TC","AG","CC","AT",NA,"GA","AG","CC","CC","GG","AA",NA,"CC","GG","GG","GG","CT","GG","GG","GG","GG","TT","TC","AG","AG","CC","GG","CG","TT",NA,"GG","CC","CC","CC","CC","CC","CC","CC","AG","CC","CC","GG","TC","AA","GG","AG","CC",NA,"GG","TA","GG","AT","GA","GG","CC","AA","GG","GG","TT","GG","CC","TT","AA","CC","GG","GG","CC","CC","CC",NA,"CT"
"NDunes_F10.sc","N Dunes","AA","AA","TT","CC","TT","AA","GA","AA",NA,"CC","TT","TT","AA","TT","CT","CC","CC","CC",NA,"GG","TT","AA","AA","AA","AA",NA,NA,"TT","AA",NA,"AA","AA","AA","AA","CC","CC","AG","AA",NA,"TT","AG","GG","GG","TT","AA","GG","GG","GT","CT","TT","AA","AA","CC","TT","CC","TT","TT","AA","TC","TC","CC","TT","CT","GG","GG","AA","AA","TT","GC","TC","AA","CC","AA","CC",NA,"GG","TT",NA,"AA","GG","AA",NA,"AA",NA,"AA","TT","GG","CC","CC",NA,"GG","GG","GG","AC","TT","TT","AA","CC"
"NDunes_F11.sc","N Dunes","AG","AA","CC","CC","TC","GA","AA","AA",NA,"CC","CT","CC","AA","CC","CC","CT","CC","CC",NA,"GG","TT","AA","AA","AA","GG",NA,NA,"TT","AG","TT","AA","AA","AA","AA","CC","CC","GG",NA,NA,NA,"GG","GG","GG","TT","AA","GG","GG","TT","CT","TC","AA","AA",NA,"GG","CC","TT","TT","AA","CC","CC","CC",NA,NA,"GG","GG","AA","AA","TT",NA,"TT",NA,"CC","AA","CC",NA,"GG","TT","TT",NA,"GG","GA","CC","AA","TT","AA","TT","GG","CC","CC","GA","GG","GG","AA","CC","TT","CT","AA","CC"
"NDunes_M06.sc","N Dunes","AA","AA","TC","CC","TT","GA","AA","AA","GA","CC","TT","TC","AA","CT","CC","CT","CC","CC",NA,"GG","TT","AA","AA","AA","AA","AA",NA,"TT","AA","TT","AA","AA","AA","AA","CC","CC","GG","AA",NA,"CT","AG","GA","GA","TT","AA","GG","GG","TT","CC","TT","AA","AA","CT","GT","CG","TT","TT","GA","TT","TT","CC","TT","CC","GG","GG","AA","AA","TT","CC","CC","AG","CC","AA","CC",NA,"GG","TT","GT","AT","GA","GA","CT",NA,"GG","AA","TT","GG","CC","CC","GA","GG","GG","GG","AC","TT","CT","AA","CC"
"NDunes_F12.sc","N Dunes","AG","AC","TC","CC","TT","GA","GA","AA","GA","CC","TT","TC","AA","CT","CC","CT","CC","CC",NA,"GG","TT","AA","AA","AA","AA","GG",NA,"TT","AG","TT","AA","AA","GA","AA","CC","CC","AG","AA",NA,"CT","AA","GG","GG","CT","AA","GG","AG","TT","CT","TT","AG","AG","CC","GT","GG","TT","TT","GA","TT","TT","CC","CT","CT","GG","GG","AA","AA","TT","GC","TC","AA","CC","AA","CC",NA,"GG","TT","GT","AA","GG","GG","CT","AA","GG","AA","TT","AA","CC","CC","GA","GG","GG","AA","AC","TT","CC","AA","CC"
"ORcasc_M01.sc","OR Cascades","GG","AC","TC","GG","TC","AA","GA","AA","GG","CC","TT","TT","GG","TT","TT","TT","CC","CG",NA,"GG","CC","CC","CC","AC","AA","GG",NA,"CC","AA","CC","AT","AA","GG","AG","CT","CT","AA","GG",NA,"CC","AG","GG","GG","CC","AG","GG","GG","GG","CC","TT","AA","AA","CC","GT","CC","TT","CC","GA","CC","CC","CC","TT","CC","CC","CC","GG","AC","TC","GC","TT","AA","CC","GG","CC",NA,"TT","TT","GG","AA","GG","GG","CC","AA","GT","AG","TT","GG","CC","CC","AA","CC","GT","GG","CC","TC","CT","AA","CC"
"MAAM_AK.sc","MAAM","GG","AA","CC","GG","TT","GG","GG","AA","AA","CC","CC",NA,"GG","TT","CC","TT","CC","GG",NA,"AA",NA,"CC","CC","CC","GG","AA",NA,"TT","GG","CC","AA",NA,"GG","GG","CC","CC","GG","GG",NA,"CC","AA","GG","GG",NA,"AA","GG","GG","GG","TT","CC","GG","GG","TT","GG","GG","CC","CC","GG","CC","CC","CC","CC","CC","CC","CC","GG","CC","TT","CC","CC","GG","GG",NA,"CC",NA,"GG","AA","GG","TT","GG",NA,"TT","AA","GG","GG","TT","GG","CC","CC","AA","GG","GG","GG","AA","CC","CC",NA,"CC"
"WAcasc_M215.tr","WA Cascades","GG","AA","TC","GG","CC","AA","GG","AA","AA","TT","CT","CC",NA,"CC","CT","TT","CT","GG","AG","GA","CT","AC","AC","AC","GA","GG","CC","TT","AG","CC","TT",NA,"GG","GG","CC","CC","AG","GA","TT","CC","GG","GG","GG","TT","GG","GG","AG","GG","TT","CC","AG","AG","CC","GG","CC","TT","CC","GA","CC","CC","CC","CC","CC","CC","CC","GG","CC","CC","GC","TT","AG","GG","GG","CC","CC","GT",NA,"GT","AT","GG","AA","CC","AA","TT",NA,"GG","GG","CC","CT","AA","GG","GT","GG","CC","CC","CC",NA,"TT"
"ORcasc_F252.tr","OR Cascades","GG","AA","CC","GG","TC","AA","AA","AA","GG","CC","CT","TT","AA","CT","CT","CT","CT","CG","AG","GG","CC","CC","CC","AC","AA","GG","CC","CC","AA","CC","AA","AA","GA","AG","CT","CT","AG","GA","CC","CC","GG","AA","AA","TT","AG","AG","AA","GT","CT","TT","AG","AG","CC","GT","CG","TT","CT","GA","CC","CC","CC","CC","CT","CC","CC","AG","CC","TC","GC","TT","AA","CC","AG","CC","CC","GT","TA","GG","AT","AA","GG","TT","AA","TT","GG","TT","GA","CC","CC","AA","GC","GT","GG","AA","TC","CC","AA","CT"
"ORcasc_F258.tr","OR Cascades","AG","AA","CC","GG","TT","GA","GA","AT","GA","CT","CC","TC","AA","CT","CT","TT","TT","CG","AG","GG","CT","CC","CC","CC","AA","GG","TC","CC","AA","CC","AT","AA","GA","AG","CT","CT","AA","GG","CT","CC","AG","GG","GG","TT","GG","AG","AA","GT","TT","CC","AA","AA","CT","GT","CG","TT","CC","GA","CC","CC","CC","CT","CC","CC","CC","GG","CC","CC","GC","CC","AA","CC","AG","CC","CT","GT","TT","GT","AT","GG","GG","CC","AA","GG","AG","TG","GG","CC","CC","AA","GC","GG","GG","CC","TC","CC",NA,"CC"
"ORcasc_M259.tr","OR Cascades","GG","AA","CC","GG","TC","GA","GA","AA","GA","CC","CT","TC","GG","CC","CT","TT","CT","CG","GG","GG","CC","CC","CC","CC","AA","GG","TT","CC","AG","CC","TT","AA","GA","AA","CT","CT","AG","GA","CT","CC","AA","GG","GG","TT","GG","AG","AG","GT","TT","CC","AA","AA","CT","TT","CC","TT","CC","AA","TC","TC","CC","TT","CC","CC","CC","AG","AA","TT","GG","TC","AA","CC","AG","CT","TT","TT","TT","GG","AT","GG","GG","CC","AA","GG","GG","TT","GA","CC","CC","AA","GC","GT","GG","CC","TC","CC","AA","CT"
"ORcasc_M260.tr","OR Cascades","GG","CC","TC","GG","TC","AA","GA","AT","GG","CT","CT","TT",NA,"CC","CT","TT","CC","CG","AA","GG","TT","CC","CC","AA","AA","GG","TC","CC","AA","CC","AT","AA","AA","AG","CC","CC","AA","GA","CC","CC","GG","GG","GG","CT","AA","AG","AG","TT","TT","TC","AA","AA","CC","GT","CC","TT","CT","GA","CC","CC","CC","TT","CC","CC","CC","AG","CC","CC","GG","TC","AA","CC","GG","CT","CT","GT","TT","GG","AA","GG","GG","CC","AA","GG","AG","TT","GA","CC","CC","AA","CC","GG","GG","AC","TC","CC",NA,"CC"
"ORcasc_M261.tr","OR Cascades","AG","CC","TC","GG","TC","GA","GA","AT","GG","CT","CC","TC","AA","CT","CT","TT","CT","CC","AG","AA","CC","AC","AC","AA","AA","GG","TT","TC","AA","CC","AA","AA","GA","AG","CC","CC","GG","AA","CT","CC","AG","GG","GG","TT","AG",NA,"AA","GG","CT","CC","AA","AA","CC","GT","CG","TT","CT","GA","CC","CC","CC","CT","CT","CC","CC","AG","AC","TT","GG","TT","AA","CC","GG","CT","CT","TT","TT","GG","AT","GG","GG","CC","AA","GG","AA","TT","GG","CC","CC","AA","GC","GT","GG","AA","TC","CT","AA","CT"
"WAcasc_M40858.tr","WA Cascades","AA","AC","CC","GG","TT","AA","AA","TT","GA","TT","CT","CC","GG","TT","CT","TT","TT","GG","AG","GG","CT","CC","CC","AC","GA","GG","CC","CC","GG","TC","TT","AA","GG","AA","CT","CT","AA","AA","CC","CC","AG","GG","GG","TT","GG","GG","AG","GG","TT","CC","AG","AG","TT","GG","GG","TT","CC","AA","CC","CC","CC","CC","CC","CC","CC","GG","CC","CC","GG","CC","AG","GG","GG","CT","CC","GG","TT","GT","AA","GG","GG","CC","AA","GG","GG","GG","GG","CC","TT","AA","GC","GT","GG","CC","TT","CC",NA,"CT"
"ORcasc_M40404.tr","OR Cascades","GG","AA","CC","GG","TC","AA","GA","AT","GA","CT","CT","TT","GG","CT","CC","TT","CC","GG","AG","GA","CC","CC","CC","CC","AA","GG","CC","TC","AA","CC","AT","AA","GG","AG","TT","TT","AG","GA","CT","CC","AG","GG","GG","TT","AG","AG","AG","GT","CC","TC","GG","GG","CT","TT","CC","TC","CT","AA","TC","TC","CC","CT","CC","CC","CC","GG","CC","TT","GG","CC","AA","CC","GG","CC","CC","TT","TT","GG","TT","GA","GA","CC","AA","GT","AA","TT","GG","CC","CC","AA","GG","GT","GG","CC","TT","CT",NA,"CC"
"MAAM_WA.tr","MAAM","GG","AA","CC","GG","TT","GG","GG","AA",NA,"CC","CC",NA,"GG","TT","CC","TT","CC","GG","GG","AA","CC","CC","CC","CC","GG","AA","TT","TT","GG","CC","TT",NA,"GG","GG","CC","CC","GG","GG",NA,"CC","AA",NA,NA,NA,"AA","GG","GG","GG","TT","CC","AG","AG","TT","GG","GG","CC","CC","GG","CC","CC","CC","CC","CC","CC","CC","GG","CC","TT","CC","CC",NA,NA,"GG","CC","CC","GG","AA","GG","TT","GG",NA,"TT","AA","GG","GG","TT","GG","CC","CC","AA","GG","GG","GG","AA","CC","CC",NA,"CC"
"Lssn_F02.tr","Lassen","GG","CC","TT","GG","TT","AA","GA","AT","GG","CC","CC","CC","GG","TT","CT","CT","CT","CC","GG","AA","CC","CC","CC","AC","AA","GG","TT","CC","GG","TC","TT","AA","GG","AG","CC","CC","AG","GA","CT","CC","GG","GA","GA","TT","AA","AG","AA","GG","TT","TT","AG","AG","TT","TT","CC","TT","CT","GA","TT","TT","CC","CC","CC","CC","CC","GG","CC","TC","GC","TC","GG","CG","GG","CC","CC","GG","TA","GG","AA","GA","GA","CC","AA","GT",NA,"TT","GA","CC","CC","AA","GG","GT","AG","CC","TC","CT",NA,"CC"
"Lssn_M01.tr","Lassen","AA","AA","TC","CG","TT","AA","GG","AT","GG","CT","CT","TC","AA","CT","CT","TT","TT","CG","AA","GA","CC","CC","CC","AC","AA","AA","TT","TT","GG","TC","TT","AA","GG","GG","CC","CC","AA","GA","CC","CC","GG","GA","GA","TT","GG","AG","AA","GG","TT","TT","AG","AG","CC","GG","CC","TT","CT","GA","TC","TC","CC","CC","CC","CC","CC","AG","CC","TC","CC","TC","AA","CC","AG","CC","TT","GT","AA","GG","AA","GG","GG","CC","AA","GT",NA,"TT","GG","CC","CC","AA","GC","GT","GG","CC","TC","CC","AC","CC"
"Lssn_M07.tr","Lassen","AG","CC","TC","GG","TT","AA","AA","TT","GA","CC","CC","TC","AA","TT","CT","TT","CC","CC","GG","AA","CC","CC","CC","AA","AA","GG","TT","TC","AG","TC","TT","AA","GG","GG","CC","CC","GG","GA","CC","CC","GG","GG","GG","TT","AG","AG","AA","GG","CT","TT","AA","AA","TT","GT","CC","TT","TT","GG","TT","TT","CC","CC","CC","CC","CC","GG","CC","CC","GC","TC","GG","CC","GG","CC","CT","GT","TA","GG","AA","GA","GG","CC","AA","TT","GG","TT","GA","CC","CC","AA","GC","GT","AG","CC","TT","CT",NA,"CC"
"Lssn_M08.tr","Lassen","AA","AA","CC","GG","TC","AA","GG","TT","GG","CT","CC","TT",NA,"CT","TT","CT","CT","CG","AA","GG","CC","AC","AC","AA","AA","GG","CC","CC","AG","CC","TT","AA","GA","GG","CC","CC","AG","AA","CC","CC","GG","GG","GG","TT","AA","GG","AA","GG","TT","TC","AA","AA","CT","TT","CC","TT","TT","GA","TC","TC","CC","CC","CC","CC","CC","GG","AC","CC","GC","TC","AG","CG","GG","CC","CT","GG","AA","GG","AA","GA","GG","CC","AA","GT","GG","TT","GG","CC","CC","AA","GC","TT","GG","CC","CC","TT",NA,"CT"
"Lssn_M61.tr","Lassen","GG",NA,"TT","CG","TC","AA","GG","AT","GG","CT","CC","TT",NA,"CT","TT","TT","CC","CG","GG","AA","CC","CC","CC","AA","AA","GG","TC","CC","GG","CC","TT","AA","GG","AG","CC","CC","AA","AA","CC","CC","GG","GG","GG","CT","GG","AA","AA","TT","TT","TC","AA","AA","CT","GT","CC","TT","TT","GA","TC","TC","CC","CC","CC","CC","CC","GG","AC","TT","CC","TT","AG","CG","GG","CC","CT","TT","AA","GG","AA","GG","GG","CC","AA","GG","GG","TG","GA","CC","CC","AA","GC","TT","GG","CC","TC","CT","AA","CC"
"Lssn_M64.tr","Lassen","GG","CC","TC","GG","TT","AA","GG","AA","GG","CT","CC","TT","GG","TT","TT","TT","CT","CG","AG","AA","CC","CC","CC","AA","AA","GG","TC","TC","GG","CC","TT","AA","GG","AG","CC","CC","AG","GA","CC","CC","GG","GG","GG","TT","GG","AG","AA","TT","TT","TC","AA","AA","CC","GT","CC","TT","CT","GA","TC","TC","CC","CC","CC","CC","CC","GG","AC","TT","CC","TC","AG","GG",NA,"CC","TT","GT","AA","GG","AT","GG","GG","CC","AA","GT","GG","TT","GG","CC","CC","AA","GC","GT","GG","AC","CC","CC","AA","CC"
"Lssn_M65.tr","Lassen","GG","CC","CC","CG","TC","AA","GG","AT","GG","CT","CT","CC","AA","TT","TT","TT","CT","GG","AG","AA","CC","CC","CC","AA","AA","GG","CC","CC","GG","CC","TT","AA","GG","GG","TT","TT","AG","GG","CC","CC","GG","GG","GG","TT","AG","AG","AA","TT","TT","TC","AA","AA","CT","GT","CC","TT","CT","GA","TT","TT","CT","CC","CC","CC","CC","GG","CC","TT","GG","TT","AG","CG","GG","CC","CT","GT","AA","GG","AT","GG","GG","CC","AA","GT",NA,"GG","GA","CC","CC","AA","CC","TT","GG","CC","TC","CT",NA,"CC"
"Lssn_M66.tr","Lassen","GG","CC","TT","CG","TC","AA","GG","AT","GG","CC","CT","CC","AA","TT","TT","TT","CC","GG","AG","AA","CC","CC","CC","AA","AA","GG","CC","CC","AG","CC","TT","AA","GG","GG","CC","CC","AG","GA","CC","CC","GG","GG","GG","TT","AA","GG","AA","TT","TT","TT","AA","AA","CT","GT","CC","TC","CT","GA","TC","TC","CC","CC","CC","CC","CC","GG","CC","TT","GC","TT","AA","CG","GG","CC","CC","GT","AA","GG","AA","GG","GG","CC","AA","GT","GG","TG","AA","CC","CC","AA","GC","TT","GG","CC","TC","CT",NA,"CC"
"Lssn_M67.tr","Lassen","AG","AA","TC","CG","TT","AA","GG","AT","GG","CT","CC","TT","GG","TT","TT","TT","CT","CC","GG","AA","CC","CC","CC","AA","AA","GG","TC","CC","GG","CC","TT","AA","GG","AG","CC","CC","AG","AA","CC","CC","GG","GG","GG","CC","GG","AG","AA","TT","CT","TC","AA","AA","CT","GT","CC","TT","TT","GA","TC","TC","CC","CC","CC","CC","CC","GG","AA","TT","CC","TC","GG","CG",NA,"CC","CC","GT","TA","GT","AA","GG","GG","CC","AA","GT","GG","GG","GA","CC","CC","AA","CC","TT","GG","CC","TC","CT","AA","CC"
"WY_F30.tr","Wyoming","GG",NA,"TT","CG","TC","AA","GG","AT","AA","CT","CC","TT","GG","CT","CC","TT","CT","GG","AA","AA","TT","AC","AC","CC","GA","AA","CC","TC","AG","CC","TT",NA,"GG","GG","CT","CT","AA","GA","CC","CC","GG","GG","GG","TT","GG","GG","GG","GG","CC","CC","GG","GG","TT","GT","CG","TC","CT","GA","CC","CC","CC","CC","CC","CC","CC","GG","CC","CC","GG","TC","AG","CC","AA","CC","CC","GG","TA","GT","AA","GG","AA","CC","AA","GG","AG","TG","GG","CC","CC","AA","GG","GT","GG","CC","TC","CC",NA,"CT"
"WY_M31.tr","Wyoming","GG",NA,"TT","GG","TC","AA","GG","AT","AA","CC","CC","TT","AA","TT","TT","TT","CT","CG","AA","GA","CT","AC","AC","AC","AA","GA","CC","CC","AA","CC","AA",NA,"GG","AA","TT","TT","GG","GG","CC","CC","GG","GG","GG","CC","GG","GG","GG","GT","CT","CC","AG","AG","CT","GG","CG","TT","CC","AA","CC","CC","CC","CC","CC","CC","CC","GG","AC","CC","GC","TT","AG",NA,"AA","CC","CC","GG","TA","GT","AA","GG","GA","CC","AA","GT","AG","TT","GG","CC","CC","AA","GG","GG","GG","AA","TC","CT","AC","TT"
"CO_M21256.tr","Colorado","GG","AA","TC","GG","CC","AA","GG","AA","GA","CC","CC","TT","AA","CT","CT","TT","CC","CG","AG","AA","TT","AC","AC","AC","AA","GG","CC","TC","GG","CC","TT","AA","GG","AG","CT","CT","AA","GG","CC","CC","GG","GG","GG","CC","AG","GG","GG","GG","TT","TT","GG","GG","TT","GT","GG","TT","TT","AA","CC","CC","CT","CC","CC","CC","CC","GG","AC","CC","GG","CC","AA","CG","GG","CC","CC","GG","TT","GG","AA","GG","AA","CC","AA","GG","GG","TT","GG","CC","CC","AA","GG","GT","GG","CC","CC","CC",NA,"CT"
"CO_M21257.tr","Colorado","GG","AC","TC","GG","CC","AA","GG","AT","GG","CT","CC","TT","AA","CT","CC","TT","CC","GG","AG","GA","CC","AC","AC","AC","AA","GG","CC","TC","GG","CC","TT","AA","GG","GG","CT","CT","AG","GG","CC","CC","GG","GG","GG","CC","AG","GG","GG",NA,"CC","TC","GG","GG","CT","GG","GG","TT","TT","AA","CC","CC","CC","CC","CC","CC","CC","AG","CC","CC","GG","CC","AG","CC","GG","CC","CC","GT","TA","GG","AA","GG","GA","CC","AA","TT","GG","TT",NA,"CC","CC","AA","GG","GG","GG","CC","TC","CC",NA,"CC"
"CO_F21258.tr","Colorado","GG","AA","CC","GG","CC","AA","GG","AA","GA","CT","CT","TT","AA","TT","CC","TT","CC","GG","AA","AA","CC","AA","AA","CC","AA","GG","CC","TC","GG","CC","TT","GG","GG","AG","TT","TT","AA","GG","CC","CC","GG","GG","GG","CT","GG","GG","GG","GG","CT","TT","GG","GG","CT","GG","GG","TT","CC","AA","CC","CC","CT","CC","CC","CC","CC","GG","CC","CC","GG","CC","AA","CG","GG","CC","CT","GG","TA","GG","AA","GG","AA","CC","AA","GT",NA,"TT","GG","CC","CC","AA","GC","GT","GG","CC","TC","CC","AA","CT"
"CO_M21921.tr","Colorado","GG","AA","TC","GG","TC","GG","GG","AA","GA","CC","CC","TT","AA","TT","CT","TT","CC","GG","AG","GA","CT","AA","AA","AC","AA","GA","CC","TC","GG","CC","TT","GG","GG","AG","CT","CT","GG","GG","CC","CC","GG","GG","GG","CC","AG","GG","GG","GG","CC","TT","GG","GG","CT","GG","GG","TT","CT","AA","CC","CC","CT","CC","CC","CC","CC","GG","CC","CC","GG","CC","AA","GG","GG","CT","CC","GT","TA","GG","AA","GG","AA","CC","AA","GT","AA","TT","GG","CC","CT","AA","GG","GT","GG","CC","CC","CC","AA","TT"
"CO_M21922.tr","Colorado","GG","AA","CC","GG","TC","GA","GG","AT","GA","CC","CT","TT","AA","CT","CT","TT","CC","GG","AG","GA","CC","AA","AA","CC","AA","GG","CC","TT","GG","CC","TT",NA,"GG","AG","CT","CT","AA","GG","CC","CC","GG","GG","GG","CC","GG","GG","GG","GG","CC","TT","GG","GG","TT","GG","GG","TT","CC","AA","CC","CC","CT","CC","CC","CC","CC","AA","AC","CC","GG","CC","AA","CG","GG","CT","CT","GT","AA","GG","AA","GG","AA","CC","AA","GG","AG","TT","GG","CC","CC","AA","GG","GT","GG","CC","TC","CC","AC","TT"
"ORcasc_F8943.rk","OR Cascades","GG","AA","TC","GG","TC","AA","GA","TT","GA","TT","TT","TC","AA","CT","CC","TT","TT","GG","AG","GG","CT","CC","CC","CC","AA","GG","TT","CC","AA","CC","AT","AA","GA","AG","CC","CC","AA","GA","TT","CC","GG","GG","GG","TT","GG","GG","AG","TT","CC","TT","AA","AA","CC","GT","CC","TT","CC","GG","CC","CC","CC","CC","CC","CC","CC","AG","AC","TT","GG","TT","AG","CC","GG","CT","TT","TT","TT","GG","AA","GG","GA","CC",NA,"GT","AG","TT","GG","CC","CC","AA","GG","TT","GG","CC","TC","CC",NA,"CC"
"ORbmt_M01.tr","Blue Mountains","GG","AC","CC","GG","CC","AA","GA","TT","GA","CC","CC","CC","GG","TT","CC","TT","CT","GG","AG","GG","CC","AA","AA","AA","GA","GG","CC","TC","AG","CC","TT",NA,"AA","GG","TT","TT","AG","GG",NA,"CC","GG","GG","GG","TT","AG","GG","GG","GG","TT","TC","AG","AG","CC","GT","GG","TT","CT","AA","CC","CC","CC","TT","CC","CC","CC","GG","AC","CC","GG","TT","AA","GG","AG","CC","CC","TT","TT","GG","AT","GA","GG","CC","AA","GT","AA","TT","AA","CC","CC","AA","GG","TT","GG","CC","CC","CT","AC","CT"
"ORbmt_F10.tr","Blue Mountains","GG","AA","TC","GG","CC","AA","GA","TT","GA","CC","CT","TC","AA","TT","CT","TT","TT","GG","AG","GG","CC","AC","AC","AC","GG","GA","CC","CC","AG","CC","TT","AA","AA","GG","TT","TT","AG","GG",NA,"CC","GG","GG","GG","TT","AG","AG","AG","GG","TT","CC","AG","AG","CT","GG","GG","TT","CT","AA","CC","CC","CC","TT","CC","CC","CC","GG","CC","CC","GG","TT","AA","GG","AG","CC","CC","GT","TT","GG","AT","GG","GG","CC","AA","GG","AA","TT","GA","CC","CC","AA","GG","TT","GG","CC","TC","CC","AA","CC"
"ORbmt_M11.tr","Blue Mountains","GG","AC","TC","GG","CC","AA","GG","TT","GG","TT","CC","TT","GG","CC","CT","TT","CT","GG","GG","GG","CC","AC","AC","AA","AA","AA","CC","CC","AG","CC","TT",NA,"GG","GG","TT","TT","AG","GG","CC","CC","GG","GG","GG","TT","GG","AG","AG","GG","TT","TC","AA","AA","TT","GG","GG","TT","CT","GG","CC","CC","CC","CC","CC","CC","CC","GG","CC","CC","GG","TT","AA","GG","AG","CC","CC","TT","TT","GG","TT","GG","GG","CC","AA","GT","AG","TT","GG","CC","CC","AA","GG","TT","GG","CC","TC","CC",NA,"CT"
"ORbmt_F02.tr","Blue Mountains","GG","AA","TC","GG","CC","AA","GA","TT","GG","CC","CC","TT","AA","TT","TT","TT","CT","CG","AA","GA","CC","AC","AC","AA","AA","GG","CC","CC","GG","CC","TT","GG","GA","GG","CC","CC","AA","GA","CC","CC","GG","GG","GG","TT","AG","AA","AG","GT","CT","TT","GG","GG","CT","GT","CG","TT","CC","GA","CC","CC","CC","CT","CC","CC","CC","AG","CC","CC","GG","TT","AA","GG","AG","CC","CC","TT","TT","GG","TT","GA","GG","CC","AA","TT",NA,"TT","GA","CC","CC","AA","GG","TT","GG","CC","CC","CC","AA","TT"
"ORbmt_M04.tr","Blue Mountains","GG","AA","TC","GG","CC","AA","GG","TT","AA","CC","CC","CC","GG","CT","CT","TT","TT","GG","AG","GG","CC","CC","CC","AA","AA","GG","CC","CC","AG","CC","TT","AA","GA","GG","CC","CC","AG","GA",NA,"CC","GG","GG","GG","TT","AA","GG","AG","GG","TT","CC","GG","GG","TT","GT","GG","TT","CC","AA","CC","CC","CC","CT","CC","CC","CC","GG","AC","CC","GG","TT","AA","GG","GG","CC","CC","TT",NA,"GG","TT","GA","GA","CC","AA","GT",NA,"TT","GG","CC","CC","AA","GG","TT","GG","CC","TC","CC",NA,"TT"
"ORbmt_M05.tr","Blue Mountains","GG","AA","CC","GG","CC","AA","GG","TT","GG","TT","CC","TT","GG","TT","CC","TT","TT","CG","AG","GG","CC","CC","CC","CC","AA","GG","TC","TC","GG","CC","TT",NA,"GA","GG","CT","CT","GG","GG","CC","CC","GG","GG","GG","TT","GG","AG","AG","TT","TT","CC","AG","AG","CC","GG","CG","TT","CC","AA","CC","CC","CC","CT","CC","CC","CC","GG","CC","CC","GG","TT","AG",NA,"AG","CC","CC","TT","TT","GG","TT","GG","GA","CC","AA","TT","GG","TT","GG","CC","CC","AA","GG","TT","GG","CC","TC","CC",NA,"TT"
"ORbmt_M06.tr","Blue Mountains","GG","AC","CC","GG","CC","AA","GG","TT","AA","CT","CC","CC","AA","CT","CT","TT","CC","GG","AG","GA","CC","AA","AA","AC","AA","GG","TC","TT","GG","CC","TT",NA,"AA","GG","CT","CT","AA","GG",NA,"CC","GG","GG","GG","TT","GG","GG","AG","GT","CT","TC","AA","AA","CT","GT","GG","TT","CC","GA","CC","CC","CC","TT","CC","CC","CC","GG","AA","CC","GG","TT","AA",NA,"AG","CC","CC","TT","TT","GG","TT","GA","GG","CC","AA","TT","AG","TT","GA","CC","CC","AA","GG","TT","GG","CC","TC","CT",NA,"TT"
"ORbmt_M07.tr","Blue Mountains","GG","AA","CC","GG","CC","AA","GG","TT","GG","CT","CC","TC","AA","TT","CC","TT","TT","GG","AG","GG","CC","AC","AC","AA","GG","AA","CC","TC","GG","CC","AT","AA","GG","AG","CC","CC","GG","GA","CC","CC","GG","GG","GG","TT","AG","AG","AA","TT","CT","TT","AG","AG","TT","GT","GG","TT","CT","AA","CC","CC","CC","CC","CC","CC","CC","GG","AC","CC","GG","TT","AG","GG","AG","CC","CC","TT","TT","GG","TT","GG","GA","CC","AA","GT","GG","TT","GG","CC","CC","AA","GG","TT","GG","CC","TC","CC","AA","CT"
"ORbmt_F08.tr","Blue Mountains","GG","AA","TC","GG","CC","AA","GA","TT","GA","CC","CC","TC","AA","CC","CC","TT","TT","CG","AA","GA","CC","AC","AC","AC","AA","GG","CC","TC","AG","CC","TT","AA","GA","GG","CC","CC","AA","GA","CC","CC","GG","GG","GG","TT","AA","AA","GG","GT","TT","TC","GG","GG","TT","GG","CG","TT","CT","GA","CC","CC","CC","CC","CC","CC","CC","GG","CC","CC","GG","TT","AA","GG","AG","CC","CC","TT","TT","GG","TT","GG","GG","CC","AA","TT","AG","TT","GA","CC","CC","AA","GC","TT","GG","CC","TT","CT","AA","TT"
"ORbmt_M09.tr","Blue Mountains","GG","AC","TC","GG","CC","AA","GG","TT","GG","TT","CC","TC","AA","CT","CT","TT","CC","GG","AG","GG","CC","AA","AA","AA","AA","AA","CC","TC","AA","CC","TT","AG","GG","GG","CT","CT","AG","GA","CC","CC","GG","GG","GG","TT","GG","AG","GG","GT","TT","TT","AG","AG","TT","GG","GG","TT","CT","GG","CC","CC","CC","CC","CC","CC","CC","GG","AC","CC","GG","TT","AA","GG","AG","CC","CT","GT","TT","GG","TT","GG","GA","CC","AA","GG",NA,"TT","GG","CC","CC","AA","GG","GT","GG","CC","CC","CT","AC","CT"
"SDunes_F6860.rk","S Dunes","AA","CC","TT","GG","TT","GG","GA","AA","GG","CC","CC","TT","GG","CC","CC","TT","CC","CC","AA","AA","CC","CC","CC","AC","AA","GG","TT","CC","AG","CC",NA,"AA","GA","AA","TT","TT","AG","AA","CC","CC","AG","GG","GG","CC","GG","AA","AA","GG","CC","TT","AA","AA","CC","TT","CG","TT","TT","GG","TC","TC","CC","CC","CC","GC","GC","GG","CC","TC","GG","TC","AA",NA,"AG","CT","CT","TT","TA","GT","AA","AA","GG","CC","AA","GT","AA","TT","GG","CG","CC","GG","GC","TT","AA",NA,"CC","CC",NA,"CT"
"Border_F01.rk","Border","AA","CC","TC","CG","TT","AA","GG","AT","GG","CC","CC","TT","GG","TT","CC","CC","CC","CG","GG","AA","CC","AC","AC","AC","AA","GG","TC","TC","AG","CC","AT","AA","GG","AG","CT","CT","AG","GA","CT","CT","AG","GA","GA","CC","GG","AA","AA","GG","CT","TC","GG","GG","CT","GT","GG","TC","TT","GA","TC","TC","CC","CT","TT","GG","GG","AG","AC","TT","GG","TT","AA","GG","GG","CT","TT","TT","TA","GG","AA","GA","GA","CC","AA","GG","AA","TT","AA","CC","CT","GA","CC","GG","GG","AA","TC","CC",NA,"TT"
"MapleCrk_F01.tr","Maple Creek","AG","CC","TT","CG","TT","GA","GA","AA","GG","CC","CC","CC","AA","CC","CT","CC","CC","CC","AG","AA","CC","CC","CC","AC","AA","GG","TC","TC","AA","CC","AA","AA","GG","AG","CT","CT","GG","GG","CT","CT","AG","GG","GG","CT","GG","AG","AA","GT","CT","TT","AA","AA","CT","GG","GG","TC","CC","GG","TC","TC","CC","TT","TT","GC","GC","GG","CC","TT","CC","TT","GG","CG","AA","CC","CT","GT","TT","GG","AA","GA","GG","CC","AA","GG","AG","TT","GG","CC","CC","GA","GG","GG","AG","AC","TC","CC","AA","CT"
"NCali_F02.tr","N California","AA","AC","CC","CC","TT","GG","GG","AA","GG","TT","CC","TC",NA,"CT","TT","CC","TT","CC","AG","AA","CC","CC","CC","AA","AA","GG","TC","TC","AG","CC","AT","AA","GG","AG","CC","CC","AA","AA","CC","CT","GG","GG","GG","TT","AG","AG",NA,"GG","CC","TC","AA","AA","TT","GT","CG","TT","TT","GG","TC","TC","CC","TT","CT","CC","CC","GG","AC","CC","CC","TC","AA","CG","AA","CC","CT","TT","TT","GG","TT","GA","GA","CC","AA","GG","AG","TT","GA","CC","CC","GG","GC","GT","GG","AA","TT","CC","AA","TT"
"NCali_F03.tr","N California","AA","CC","TT","CG","TT","GA","GA","AA","GG","CT","CC","TT","AA","TT","CT","CT","CC","CG","AG","AA","CC","CC","CC","AC","AA","GG","TC","TC","AG","CC","AA","AA","GG","AG","CT","CT","AG","AA","CT","CT","AA","GA","GA","CC","AG","AG","AA","GG","CC","TT","AA","AA","CC","GG","CC","TC","CT","GG","CC","CC","CC","TT","TT","CC","CC","AG","AC","CC","GC","TT","AA","CG","AG","CT","CT","GT","AA","GG","AT","GG","GG","CC","AG","GG",NA,"TG","GA","CC","CC","GA","GG","GT","GG","AA","TT","CC","AA","CT"
"SOreg_F04.tr","S Oregon","AA","CC","CC","GG","TT","GG","GG","AT","GG","CT","CC","TT","AA","TT","CC","CC","CC","CC","GG","AA","CC","AC","AC","AA","AA","GG","TT","CC","AA","CC","AA","AA","GG","AA","CT","CT","GG","GG","TT","CT","AA","GA","GA","CT","GG","AA","AA","GG","CC","TT","AA","AA","TT","GT","GG","TT","CT","GG","TC","TC","CC","CC","TT","GG","GG","AG","AC","TT","GC","TT","AA","CC","AG","CC","TT","TT","TT","GG","AA","GA","GG","CT","AA","GG",NA,"TG","GG","GG","CC","GG","GG","GG","AG","AA","TT","CC","AC","TT"
"SOreg_F05.tr","S Oregon","AG","AC","CC","CC","TT","GA","GG","AA","GG","CT","CC","TC",NA,"CT","TT","TT","CC","CC","AG","GA","CC","CC","CC","AA","AA","GG","CC","CC","AA","TC","AT",NA,"GG","AG","CC","CC","AA","GA","CC","CC","AA","AA","AA","CT","AG","AA","AA","GG","CC","TT","AA","AA","CC","GG","GG","TT","CC","GG","CC","CC","CT","CC","TT","CC","CC","AG","CC","TT","CC","TT","AG","GG","AA","CT","TT","GT",NA,"GT","AA","GG","GG","CC","AG","GT",NA,"TT","GG","CG","CC","GG","GG","GT","GG","AA","TT","CC",NA,NA
"SOreg_F06.tr","S Oregon","AA","AC","TC","CG","TT","GG","GA","AT","GG","CT","CC","TC","GG","CT","CC","CT","CT","CC","AG","AA","CC","AA","AA","AA","AA","GG","TT","TC","AA","CC","AA","AA","GG","AG","CC","CC","GG","GA","CT","CC","AA","GA","GA","CC","GG","AG","AG","GG","CC","TT","AA","AA","TT","GG","GG","TT","TT","GG","CC","CC","CC","CT","CT","GC","GC","AG","AA","TT","GG","TC","AA","CC","AG","CT","TT","TT","TT","GG","AA","GA","GG","CC","AA","GG","AG","TG","GA","GG","CC","GG","GG","GG","AG","AA","TT","CC","AA","TT"
"SOreg_F07.tr","S Oregon","AG","CC","TC","CG","TT","GA","GA","AA","GG","CC","CC","TT","AA","TT","CC","CT","CC","CC","AG","AA","CC","AC","AC","AA","GG","GG","TT","TC","AA","CC","AA","AA","GG","AA","CC","CC","GG","AA","CT","CC","AG","AA","AA","CT","AA","AG","AA","GT","CC","TT","AG","AG","TT","TT","CG","TT","CT","GG","CC","CC","CT","CT","TT","GG","GG","AG","AC","TT","GG","TC","AA","CC","AG","CC","TT","TT",NA,"GT","AT","GG","AA","CC","AA","GT",NA,"TT","GA","CC","CC","GG","GG","GG","GG","AA","CC","CC",NA,"CC"
"SOreg_F08.tr","S Oregon","AG","AC","TC","CC","TT","GA","GA","AA","GG","CC","CC","TT","AA","TT","CC","CC","CT","CC","AG","AA","CC","CC","CC","AA","AA","GG","TC","TC","AA","CC","AA","AA","GG","AG","CT","CT","AG","GA","CC","CC","AG","AA","AA","TT","AG","AG","AA","TT","CC","TT","AG","AG","CT","TT","CG","TT","TT","GA","TC","TC","CC","CT","TT","GC","GC","AA","CC","TT","GC","TT","AA","CC","AG","CC","TT","TT","TA","GT","AT","GG","GA","CC","AA","TT","AG","TT","GG","CG","CC","GG","GC","GG","AG","AA","TC","CC","AC","CC"
"SOreg_F10.tr","S Oregon","AG","CC","TC","CC","TT","AA","GG","AA","GG","CT","CC","TT","AA","TT","CC","TT","CC","CC","AA","AA","CC","AC","AC","AA","AA","GG","TT","TT","AA","CC","AA","AA","GG","AG","CC","CC","AA","AA","CC","CC","AG","AA","AA","CC","AA","AG","AG","GG","CC","TT","AA","AA","CT","GT","GG","TT","CC","GG","TC","TC","CC","CT","CC","GC","GC","GG","AC","TC","GC","TT","AA","GG","AA","CC","TT","TT","TA","GT","TT","GG","GA","CC","AA","GT","GG","TG","GA","CG","CC","GA","GC","GG","GG","AC","TC","CC",NA,"CC"
"SOreg_F11.tr","S Oregon","AA","AC","TT","CC","TT","GA","GA","TT","GG","CT","CC","TC","GG","CT","CC","TT","TT","CC","AG","AA","CC","AC","AC","AC","AA","GG","TT","TC","AA","CC","AA","AA","GG","AA","CC","CC","AG","GA","CC","CC","AA","GG","GG","CC","AG","AA","AG","GG","CC","TT","AA","AA","CT","GT","GG","TT","TT","GG","TC","TC","CT","CC","CT","CC","CC","GG","AC","TC","GC","TC","AA","CG","AG","CT","TT","TT","TA","GG","AT","GA","GG","CC","AG","GG","GG","TG","AA","CG","CC","GA","GG","GG","AG","AC","TT","CC",NA,"CT"
"MapleCrk_M01.tr","Maple Creek","GG","CC","TC","CC","TT","GA","GG","AA","GG","CC","CC","TC","AA","CC","CT","CC","CC","CC","AG","AA","CT","CC","CC","AA","AA","GG","TC","TC","AG","CC","AA","AA","GG","AG","CT","CT","GG","GG","CT","CC","AG","GG","GG","CT","AA","GG","AG","GT","TT","TT","AA","AA","CT","GT","GG","TT","CC","GG","CC","CC","CC","TT","TT","GC","GC","GG","CC","TT","GC","TT","GG","CG","GG","CT","TT","GT","TT","GG","AA","GA","GA","CC","GG","GG","GG","TT","GG","CC","CC","AA","GG","GG","GG","AA","TC","CC",NA,"CC"
"NCali_M02.tr","N California","AG","CC","TT","GG","TT","GG","GA","AA","GG","CT","CC","TT","AA","TT","TT","CT","CT","CC","AG","AA","CC","AC","AC","CC","AA","GG","CC","TC","GG","TC","AA","GG","GG","AA","CT","CT","AA","AA","CT","CT","AA","GA","GA","CC","AG","AG","AA","GG","CC","TC","AA","AA","CT","GT","CG","TC","CT","GG","CC","CC","CC","CT","TT","CC","CC","GG","AC","TC","GC","TT","AG","CG","AG","CT","CT","TT","TA","GG","AT","GG","GA","CC","AG","GG","AA","TG","GA","CC","CC","GA","GC","GG","GG","AA","TT","CC","AA","CT"
"SOreg_M14.tr","S Oregon","AG","AC","TC","CC","TT",NA,"GG","AT","GG","CC","CC","CC","AA","CT","CC","CT","CC","CG","AA","AA","TT","CC","CC","AC","AA","GG","TC","TC","AA","CC","AA","AA","GG","GG","TT","TT","GG","GA","CT","CC","AA","GA","GA","CT","GG","AG","AG","GT","TT","TT","AA","AA","TT","GG","GG","TC","CT","GG","TT","TT","CT","TT","TT","GG","GG","GG","AC","TT","GC","TT","GG","CC","GG","TT","TT","GT","TT","GG","AA","GA","GG","CC","GG","GG","AA","TT","GA","CC","CC","GA","GG","GG","GG","CC","TC","CC","AA","CT"
"NCali_M03.tr","N California","AA","AA","TC","CC","TT","GG","GG","AA","GG","CC","CC","TT","AA","TT","CC","CT","CT","CC","AG","AA","CC","CC","CC","AC","AA","GG","CC","CC","AA","CC","AA","AA","GG","AG","CC","CC","AG","GA","CC","CT","GG","GG","GG","CC","GG","AA","AA","GT","CT","TC","AA","AA","CT","TT","GG","TC","CT","GA","TC","TC","CT","TT","TT","CC","CC","AG","AC","CC","GC","TT","AA","CG","GG","CC","TT","TT","TA","GG","AA","GA","GG","CC","AG","GT","AA","TT","GG","CG","CT","AA","GG","GG","GG","AA","TT","CC","AA","TT"
"NCali_M06.tr","N California","AA","CC","CC","CC","TT","GG","GG","AA","GG","CT","CC","TC","AA","CT","TT","CC","TT","CC","AG","AA","CT","CC","CC","AC","AA","GG","TC","TC","GG","CC","AT","AA","GG","AG","CC","CC","GG","AA","CC","CT","GG","GG","GG","CT","AG","AA","AA","GG","CC","TC","AA","AA","TT","GG","CG","TC","CT","GG","TC","TC","TT","TT","TT","CC","CC","GG","AC","CC","CC","TC","AA","GG","AG","CT","TT","TT","TA","GG","AT","AA","GG","CC","AA","GG","AG","TT","GA","CC","CC","GG","GG","GT","GG","AA","TT","CC",NA,"TT"
"SOreg_M07.tr","S Oregon","AG","CC","TT","CC","TT","AA","GG","AT","GG","CT","CC","TT","AA","TT","CC","TT","CT","CC","AG","AA","CC","AC","AC","AC","AA","GG","TT","TC","AA","CC","AA","AA","GG","AG","CC","CC","AA","AA","CC","CC","AA","GA","GA","CT","AG",NA,"AG","GT","CC","TT","AG","AG","CC","GT","GG","TT","TT","GG","TT","TT","CT","CT","CT","GC","GC","GG","AC","TC","GC","TT","AA","GG","AA","CC","TT","TT","TA","GT","AT","GA","GA","CC","AG","GG","GG","TT","GA","CC","CC","AA","GG","GG","GG","AC","TC","CC","AA","CC"
"SOreg_M08_1.tr","S Oregon","AG","CC","TC","CC","TT","GA","GG","AT","GG","TT","CC","TC","GG","CT","CT","TT","CT","CC","AG","GA","CC","AC","AC","AC","AA","GG","TC","CC","AA","TC","AT","AA","GG","GG","CC","CC","AA","AA","CC","CC","AA","GA","GA","TT","AA","AA","AG","GG","CC","TT","AA","AA","CC","GG","GG","TT","CT","GG","TC","TC","CT","CT","TT","CC","CC","AG","AC","TT","CC","TT","AG","GG","AA","CC","TT","GT","TA","TT","AT","GA","GG","CC","AG","GT","AG","TT","GA","CG","CC","GA","GG","GT","GG","AC","TC","CC","AA","CC"
"SOreg_M09.tr","S Oregon","AA","AC","CC","CG","TT","GG","GG","AA","GG","CC","CC","TC","GG","CC","CC","CC","CT","CC","AA","AA","CC","AC","AC","AA","AA","GG","TT","TT","AA","CC","AA","AA","GG","GG","CT","CT","GG","GG","CT","CC","AA","AA","AA","CT","GG","AA","AG","GT","CC","TT","AA","AA","CT","GT","GG","TT","CT","GG","TC","TC","CC","CT","TT","GC","GC","AA","AC","TT","GG","TT","AA","CC","GG","CC","TT","TT","TT","GT","AA","GA","GG","CC","AA","GG","GG","GG","GA","CG","CC","GA","GG","GG","AG","AA","TT","CC","AC","TT"
"SOreg_M10.tr","S Oregon","AA","AC","TC","GG","TT","GA","GG","AA","GG","CC","CC","TT","AA","CT","CC","CT","CC","CC","AG","AA","CC","CC","CC","AA","AA","GG","TT","TC","AA","CC","AA","AA","GG","AG","TT","TT","GG","GA","CT","CT","AA","AA","AA","CT","GG","AA","AA","GT","CC","TT","AA","AA","CT","TT","GG","TT","CT","GG","TT","TT","CT","CC","CT","GC","GC","AG","AC","TT","GC","TT","AA","CC","GG","CC","TT","GT","TT","GT","AA","GA","GG","CT","AA","GG","GG","TG","GG","CG","CC","GA","GC","GG","GG","AC","TC","CC",NA,"CT"
"SOreg_M11.tr","S Oregon","AG","CC","TC","CG","TT","GG","GG","AA","GG","CC","CC","TC","GG","CC","CT","CC","CT","CC","AG","AA","CT","CC","CC","AC","AA","GG","TC","TC","AA","TC","AA","AA","GG","AG","CT","CT","GG","GG","CT","CC","AG","GG","GG","CT","AA","AG","AG","GT","CT","TT","AA","AA","CT","GT","GG","TT","CC","GG","TC","TC","CC","TT","TT","GC","GC","AG","CC","TT","GC","TT","GG","CC","GG","CT","TT","TT","TT","GG","AA","GA","GA","CC","AG","GG","AG","TT","GG","CC","CC","AA","GG","GG","GG","AC","TC","CC","AA","CC"
"MapleCrk_M12.tr","Maple Creek","AG","CC","TT","CC","TT","GA","GG","AA","GG","CC","CC","TC","AA","CC","CC","CT","CT","CC","AA","AA","CT","CC","CC","AC","AA","GG","TC","TC","AG","TC","AA","AA","GG","GG","CT","CT","GG","GG","CT","CC","AG","GA","GA","TT","GG","AG","AG","GG","CT","TT","AA","AA","CT","GG","GG","TC","CT","GG","TC","TC","CC","TT","TT","GC","GC","AG","CC","TT","CC","TT","AG","CG","AA","CT","TT","TT","TT","GG","AT","GA","GG","CC","AA","GG",NA,"TT","GG","CC","CC","AA","GG","GG","AG","AC","TC","CC",NA,"CT"
"SOreg_M13.tr","S Oregon","AA","AC","TC","CG","TT",NA,"GG","AA","GG","CC","CC","TT","AA","CT","CT","CT","CT","CC","AA","AA","CC","AC","AC","AC","AA","GG","TT","TT","AG","CC","AA","GG","GG","AG","CT","CT","AG","GA","CC","CC","AG","GA","GA","CC","GG","AA","AA","GT","CC","TT","AA","AA","TT","TT","CG","TT","CT","GG","CC","CC","CT","CC","CT","GC","GC","GG","AC","TT","CC","TC","AA","CC","GG","CT","TT","TT","TT","GT","AA","GG","GG","CC","AA","GT","GG","TT","GG","GG","CC","AA","GG","GG","GG","AC","TT","CC","AA","TT"
"SOreg_M15.tr","S Oregon","AG","CC","TT","CG","TT","GA","GG","AA","GG","CC","CC","TC",NA,"TT","CC","TT","CT","CC","AG","AA","CC","CC","CC","AC","GA","GG","TT","CC","GG","CC","AA","AA","GG","AA","CC","CC","AA","GG","CT","CT","AA","GA","GA","TT","GG","AG","AA","GG","CC","TT","AA","AA","CC","TT","CG","TT","CT","GG","TC","TC","CT","CC","CT","GC","GC","AG","CC","TC","GC","TC","AA","CC","AA","CC","TT","GT","TT","GT","AA","GA","GG","CC","AA","GG","AG","TT","GG","CC","CC","GG","GG","GG","AG","AA","CC","CC","AC","CC"
"SOreg_M16.tr","S Oregon","AG","CC","CC","CG","TT","AA","GA","AA","GG","CC","CC","TT","GG","TT","CC","CC","CT","CC","AG","AA","CC","CC","CC","AA","AA","GG","TT","TT","AA","CC","AA","AA","GG","AG","TT","TT","GG","GA","CT","CT","AG","AA","AA","CT","AG","AG","AA","TT","CC","TT","AG","AG","CT","TT","GG","TT","TT","GA","TC","TC","CC","CC","TT","GC","GC","AA","CC","TT","GC","TT","AA","CC","AG","CC","TT","TT","TA","TT","AT","GG","GA","CC","AA","GT","AG","TG","GG","GG","CC","GA","CC","GG","GG","AC","TT","CC","AC","CT"
"SOreg_M17.tr","S Oregon","AG","AC","TC","CC","TT","GA","GA","AA","GG","CT","CC","TT","GG","CT","CC","CT","CC","CC","AG","AA","CC","AC","AC","AA","GG","GG","TT","TC","AA","CC","AA","AA","GG","AG","CC","CC","AG","AA","CT","CC","AA","AA","AA","CT","GG","GG","AG","GT","CC","TT","AG","AG","CT","GG","GG","TT","TT","GG","TC","TC","CC","CT","CC","CC","CC","AG","AC","TT","GG","TT","AA","CG","AG","CT","TT","TT","TT","GG","AT","GA","GA","CC","AG","GG","GG","TT","AA","CG","CC","GA","GG","GG","AG","AA","TT","CC","AA","CT"
"SOreg_M18.tr","S Oregon","GG","CC","TC","CC","TT","GG","GA","AA","GG","CC","CC","TT","GG","CT","CC","CT","CT","CC","AG","AA","CC","AC","AC","AA","GG","GG","TT","CC","AG","CC","AT","AA","GG","AG","CC","CC","AG","AA","TT","CC","GG","GA","GA","CC","AG","GG","AA","GG","CC","TT","AA","AA","CT","GT","GG","TT","CT","GA","CC","CC","CT","CC","TT","GG","GG","AG","AC","TT","GC","TT","AA","CC","AG","CC","TT","GT","TT","GT","AA","GA","GA","CC","AA","GT","GG","TT","AA","CC","CC","GG","GG","GG","GG","AA","TC","CC","AA","CC"
"SOreg_M20.tr","S Oregon","GG","AC","TC","CC","TT","AA","GA","AA","GG","CT","CC","TT","GG","TT","CC","TT","CC","CC","AA","AA","CT","CC","CC","AC","AA","GG","TT","TT","AA","CC","AA","AA","GG","AG","CT","CT","AG","GA","CT","CT","AG","GA","GA","TT","AA","GG","AG","GG","CC","TT","AA","AA","TT","GT","GG","TT","TT","GG","CC","CC","CT","CT","TT","CC","CC","GG","CC","TT","GC","TC","AA","CG","AA","CC","CT","GT","TT","GT","AT","GG","GA","CC","AG","GG","GG","TT","GA","CG","CC","AA","GG","GG","GG","AC","TC","CC",NA,"CC"
"MapleCrk_M21.tr","Maple Creek","AG","AC","TC","CC","TT",NA,"GG","AT","GG","CC","CC","CC","AA","CT","CC","CT","CC","CG","AA","AA","TT","CC","CC","AC","AA","GG","TC","TC","AA","CC","AA","AA","GG","GG","TT","TT","GG","GA","CT","CC","AA","GA","GA","CT","GG","AG","AG","GT","TT","TT","AA","AA","TT","GG","GG","TC","CT","GG","TT","TT","CT","TT","TT","GG","GG","GG","AC","TT","GC","TT","GG","CC","GG","TT","TT","GT","TT","GG","AA","GA","GG","CC","GG","GG","AA","TT","GA","CC","CC","GA","GG","GG","GG","CC","TC","CC",NA,"CT"
"MACA_HU_F05","Unknown","AA","CC","TC","CG","TT",NA,"GG",NA,"GG","CC",NA,"TT","AA","CT","CT","CC","CT","CG","AA","AA","CC","AA","AA","AA","AA","GG","TT","TT","AA","CC","AA",NA,"GG","AA","TT","TT","AG","GA","CT","CC","AG","GA","GA","CC","GG","AG","AA","GG","CC","TT","AA","AA","TT","TT","CG","TT","CT","GG","TC","TC","CT",NA,"CT","CC","CC","GG","AA",NA,NA,"TC","AA","CC","AG","CT","TT","TT",NA,"GG","AA","GA",NA,"CC","AA","GG",NA,NA,"GG","CC","CC","GA","GG","GG","GG",NA,"TC","CC",NA,"CT"
"SDunes_F18.rk","S Dunes","GG","AA","CC","GG","TC","AA","AA","AA","GG","CC","CT","TT","AA","CT","CT","CT","CT","CG","AG","GG","CC","CC","CC","AC","AA","GG","CC","CC","AA","CC","AA","AA","GA","AG","CT","CT","AG","GA","CC","CC","GG","AA","AA","TT","AG","AG","AA","GT","CT","TT","AG","AG","CC","GT","CG","TT","CT","GA","CC","CC","CC","CC","CT","CC","CC","AG","CC","TC","GC","TT","AA","CC","AG","CC","CC","GT","TA","GG","AT","AA","GG","TT","AA","TT",NA,"TT","GA","CC","CC","AA","GC","GT","GG","AA","TC","CC",NA,"CT"
"NDunes_F31_2.rk","N Dunes","AA","AA","TT","CC","TT","GA","GA","AA","GA","CC","TT","TT","AA","TT","CT","CC","CC","CC","AA","GA","TT","AA","AA","AA","AA",NA,"TT","TT","AA","TT","AA","AA","GA","AA","CC","CC","AG","AA","TT","TT","AG","AA","AA","TT","AA","AG","GG","GT","CT","TC","AA","AA","CC","TT","GG","TT","TT","GA","TT","TT","CC","TT","CC","GG","GG","AA","AA","TT","GG","CC","AA","CC","AA","CC","TT","GG","TT","GT","AA","GG","AA","TT","AA","GT","AA","TT","GA","CC","CC","GG","GG","GG","AG","AC","TT","TT",NA,"CC"
"NCali_M04.rk","N California","GG","AC","CC","CG","TT","GG","GG","AA","GG","CC","CC","TC","AA","CT","CC","TT","CC","CG","GG","AA","CT","AC","AC","AC","AA","GG","TC","TC","AG","CC","AA","AA","GG","AG","CT","CT","GG","GG","CT","CC","AG","GA","GA","CC","AG","AA","AG","GG","TT","TT","AA","AA","TT","TT","GG","TC","CT","GG","TC","TC","CC","CT","TT","GC","GC","GG","AC","TT","CC","TC","GG","CG","GG","CT","TT","TT","TA","GT","AA","GG","GG","CC","AA","GG","AA","TT","GG","CC","CC","GG","GG","GG","GG","AC","CC","CC",NA,"TT"
"NCali_M15.rk","N California","AG","AC","TC","CG","TT","GG","GG","AA","GG","CC","CC","TT","GG","CT","CC","CT","CC","CG","GG","AA","CT","CC","CC","AC","AA","GG","TT","TT","AG","CC","AA","AA","GG","AA","CC","CC","GG","AA","TT","CT","GG","GA","GA","TT","AG","AA","AG","GG","CT","TT","AA","AA","CC","TT","GG","TC","TT","GG","TT","TT","CC","CT","TT","GC","GC","GG","AC","TC","GC","TT","GG","CG","GG","CC","CT","GT","TT","GT","AT","GG","GG","CC","AA","GT","AA","GG","GA","CG","CC","GA","GG","GG","GG","AA","CC","CC","AA","TT"
"NDunes_F02.tr","N Dunes","AA","AA","TC","CC","TC","GA","AA","AT","GA","CC","CT","CC","AA","TT","CC","CC","CC","CC","AA","GG","TT","AA","AA","AA","AA","AA","TT","TT","AA","TT","AA","AA","AA","AA","CC","CC","GG","GA","TT","CT","AG","GG","GG","TT","AA","AG","GG","TT","CT","TC","AA","AA","CC","GG","CC","TT","TT","GA","CC","CC","CC","TT","TT","GG","GG","AA","AA","TT","GG","TC","AG","CC","AA","CC","CT","GG","TT","GT","AA","GG","GA","CC","AA","TT","AA","TT","GA","CC","CC","AA","GG","GG","AG","AC","TT","CT","AA","CC"
"NDunes_F06.tr","N Dunes","AG","AC","TC","CC","TT","GA","GA","AA","GA","CC","TT","TC","AA","CT","CC","CT","CC","CC","AG","GG","TT","AA","AA","AA","AA","GG","TT","TT","AG","TT","AA","AA","GA","AA","CC","CC","AG","AA","TT","CT","AA","GG","GG","CT","AA","GG","AG","TT","CT","TT","AG","AG","CC","GT","GG","TT","TT","GA","TT","TT","CC","CT","CT","GG","GG","AA","AA","TT","GC","TC","AA","CC","AA","CC","CC","GG","TT","GT","AA","GG","GG","CT","AA","GG","AA","TT","AA","CC","CC","GA","GG","GG","AA","AC","TT","CC","AA","CC"
"NDunes_F07.tr","N Dunes","AG","AC","CC","CC","TC","GA","AA","AA","GA","CC","CT","CC","AA","CT","CC","CT","CC","CC","AG","GG","TT","AA","AA","AA","GG",NA,"TT","TT","AG","TT","AA","AA","AA","AA","CC","CC","GG","GA","TT","CT","GG","GG","GG","TT","AA","GG","GG","TT","CT","TC","AA","AA","CT","GG","CC","TT","TT","AA","CC","CC","CC","CT","CT","GG","GG","AA","AA","TT","GC","TT","AG","CC","AA","CC","CC","GG","TT","TT","AT","GG","GA","CC","AA","GT","AA","TT","GG","CC","CC","GA","GG","GG","AA","CC","TT","CT",NA,"CC"
"SDunes_M01.tr","S Dunes",NA,"AC","TC","CG","TT",NA,NA,NA,NA,NA,NA,NA,NA,NA,"CC",NA,"CC","CC","AA",NA,"CT","CC","CC","AC","AA","GG","TT","TC",NA,NA,NA,"AA",NA,"GG",NA,NA,"AG","GA","CC","CT","GG",NA,NA,"CT","AG","AA","AA","GG","CC",NA,NA,NA,"CC","GT","GG","TT","TT","GG","CC","CC","CT","CT","CT","CC","CC","AG","CC",NA,"GG","TT","AA","CC","AG","CT","CT","TT",NA,"GT","AA","GG","GG","CT",NA,NA,NA,NA,NA,NA,NA,"GG","GC",NA,"GG",NA,"CC",NA,NA,NA
"SDunes_M6856rk_1","S Dunes","AA","CC","CC","GG","TT","GA","GG","AA","GA","CT","CC","TT","AA","CC","CC","CT","CT","CG","AA","GA","CC","CC","CC","CC","AA","GG","TT","TT","AG","TC","AT","AA","GG","GG","CC","CC","AG","GA","CC","CT","GG","GG","GG","CC","AG","AA","AA","GG","CC","TT","AA","AA","CC","GG","GG","TT","TT","GG","CC","CC","CC","CC","CT","GC","GC","AG","CC","TC","GG","TC","AA","CC","GG","CC","TT","TT","TT","GT","AA","GG","GA","CT","AA","GT","AA","TT","AA","CC","CT","GG","GC","TT","AG","AA","CC","CC",NA,"CT"
"ORcasc_M02.tr","OR Cascades","GG","AA","TC","GG","TC","AA","AA","AA","GA","TT","CT","CC","GG","CT","TT","TT","TT","CG","AG","GA","CT","AC","AC","AC","AA",NA,"TC","CC","AG","CC","AT","AA","GA","AA","TT","TT","AA","AA","CC","CC","GG","GG","GG","CT","GG","GG","GG","GT","CC","TC","AA","AA","CC","GT","CC","TT","CC","GA",NA,NA,"CC","TT","CC","CC","CC","GG","AC","TC","GG","TT","AA","CC","GG","CC","CC","TT","TT","GG","AA","AA","AA","CC","AA","GT","AA","TG","GA","CC","CC","AA","GG","GT","AG","AC","TT","CC","AA","CC"
